id,seccode,startPos
147689,BR-10.17M260917CA54,4
147689,Si56000BV7,10
147691,USD000000TOD,3000
147694,AKRN,9
147694,ALRS,500
147694,CHMF,40
147694,GAZP,500
147694,GMKN,5
147694,LKOH,20
147694,MGNT,4
147694,MOEX,350
147694,NVTK,40
147694,ROSN,180
147694,SBER,460
147694,SBERP,700
147694,SNGS,2000
147694,SNGSP,2000
147694,TATNP,70
147694,VTBR,7e+05
147699,BSPB,33500
147699,ENRU,350000
147699,FEES,1120000
147699,HYDR,220000
147699,PRTK,800
147699,VTBR,5e+05
147700,SBRF-9.17,2
147700,GAZR-9.17,2
147705,SiZ7,3
147706,BRV7,-1
147707,RIZ7,-2
147710,RIZ7,-1
147710,SiZ7,3
147712,BRV7,-16
147717,GAZP,3890
147717,ROSN,310
147717,RTKM,550
147724,BSPB,3140
147724,ENRU,29000
147724,FEES,1e+05
147724,GAZP,300
147724,GMKN,9
147724,IRAO,10000
147724,LKOH,48
147724,LSRG,13
147724,MOEX,200
147724,MSNG,7000
147724,MSTT,350
147724,MTSS,220
147724,RASP,700
147726,EDZ7,-15
147731,SiZ7,1
147731,SRZ7,-1
147732,MAGN,30000
147732,NVTK,2000
147732,RASP,30000
147736,BRV7,-61
147737,SRZ7,15
147737,GDZ7,-6
147738,GAZP,70
147740,RIZ7,-1
147740,SiZ7,-5
147740,MMZ7,-20
147740,GDZ7,25
147740,EDZ7,10
147741,JPZ7,-173
147742,AFKS,2000
147742,AGRO,106
147742,CHMF,50
147742,GAZP,450
147742,LKOH,17
147742,MAGN,1000
147742,NLMK,300
147742,RSTI,55000
147742,RUAL,1000
147742,SIBN,70
147742,YNDX,10
147742,LKZ7,2
147742,GMZ7,1
147746,JPZ7,-203
147747,BRV7,10
147750,SiZ7,1
147750,EuZ7,1
147750,BRV7,1
147750,GZZ7,-3
147750,LKZ7,1
147750,RNZ7,1
147750,SRZ7,-2
147750,SVZ7,-3
147750,GDZ7,-1
147750,EDZ7,-1
147750,GMZ7,1
147750,VBZ7,5
147750,TTZ7,1
147751,GAZR-9.17,1104
147751,SRZ7,33
147751,VTBR-9.17,4
147752,RI110000BV7,50
147754,BANEP,5
147754,CHMF,10
147754,GAZP,20
147754,KRKNP,1
147754,RUAL,90
147754,YNDX,5
147755,SNGSP,2000
147757,AGRO,158
147757,ALRS,900
147757,ENRU,78000
147757,MFON,110
147757,MSNG,58000
147757,PRTK,800
147757,RASP,1800
147759,RIZ7,-9
147759,SiZ7,22
147759,EDZ7,-16
147759,Si68000BL7,20
147759,Si70000BL7,50
147759,RI112500BL7,-1
147759,RI115000BL7,-1
147759,RI117500BL7,-3
147759,GZ16000BL7,50
147759,Si58000BW7,-5
147763,RI117500BJ7,40
147765,MRKP,3150000
147765,MRKV,930000
147766,SiZ7,8
147768,EUR_RUB__TOD,5000
147768,USD000000TOD,5000
147769,SRZ7,3
147769,GMKR-9.17,1
147771,RIZ7,-10
147771,RTS-12.17M280917CA115000,5
147772,SiZ7,-50
147772,BRV7,50
147773,BSPB,890
147773,FEES,110000
147773,GAZP,660
147773,HYDR,24000
147773,RTKMP,400
147773,GDZ7,4
147774,BRV7,1
147775,USD000000TOD,5000
147776,KRKNP,5
147776,LSNGP,2500
147776,MTLRP,1600
147776,OGKB,130000
147776,RASP,2000
147776,RUAL,3000
147779,GDZ7,6
147779,BR-10.17M260917PA48,50
147779,BR-10.17M260917PA51,13
147779,BR-10.17M260917PA52,10
147781,AFLT,-1300
147781,ALRS,-1000
147781,GAZP,600
147781,MOEX,-2000
147781,ROSN,150
147781,SBER,-1500
147781,RIZ7,-1
147781,BRV7,-5
147781,GAZR-9.17,7
147781,SRZ7,-20
147782,MFON,20
147782,ROSN,50
147782,RSTIP,201000
147782,SNGSP,500
147784,RTS-12.17M280917PA110000,3
147785,SiZ7,25
147785,BRV7,-2
147785,SRZ7,-8
147785,EDZ7,-5
147785,VBZ7,3
147790,AFLT,200
147790,BANEP,8
147790,GAZP,200
147790,LKOH,15
147790,MTSS,130
147790,NLMK,80
147790,SBERP,100
147790,TATNP,50
147791,SRZ7,-51
147791,SR19000BJ7,102
147792,BRV7,2
147794,BRX7,-6
147794,BR52BV7,-16
147794,BR56BJ7,12
147797,FEES,1520000
147797,MGNT,40
147797,SBER,1050
147797,SNGSP,3300
147797,TATNP,300
147797,VTBR,4e+06
147801,SBPR-9.17,-46
147804,MGNT,1000
147807,RIZ7,-5
147807,SiZ7,8
147807,SBRF-9.17,-8
147807,GAZR-9.17,12
147807,MXZ7,-8
147807,GZZ7,-2
147807,SRZ7,-15
147809,SRZ7,-45
147810,DIXY,380
147811,ALRS,500
147811,MRKV,60000
147811,MTSS,110
147811,SBER,3270
147812,SBRF-9.17,80
147814,SBER,-10000
147816,ALRS,400
147816,BANEP,50
147816,BSPB,2120
147816,FEES,3e+05
147816,GAZP,800
147816,GMKN,30
147816,LKOH,15
147816,MSRS,12000
147816,MTSS,340
147816,NVTK,300
147816,PHOR,15
147816,POLY,1
147816,QIWI,1
147816,ROSN,30
147816,RSTI,20000
147816,SBER,820
147816,SU24018RMFS2,259
147816,SU26204RMFS6,60
147816,SU26207RMFS9,50
147816,SU26214RMFS5,1
147816,SU26221RMFS0,1
147816,SU29011RMFS2,134
147816,SVAV,30
147817,ALRS,330000
147817,GMKN,557
147817,HYDR,12400000
147817,LKOH,4500
147817,MOEX,30000
147817,SBER,-80000
147817,SNGSP,180000
147817,BRV7,2500
147819,AFLT,100
147819,GAZP,584
147819,HYDR,7000
147819,NMTP,5000
147819,SBER,919
147819,URKA,60
147819,VTBR,7000
147820,SBER,-40030
147820,BRX7,-300
147822,NVTK,1220
147822,TRNFP,4
147823,GZZ7,60
147824,ALRS,800
147824,BANEP,15
147824,FXIT,1
147824,FXRU,1
147824,GAZP,150
147824,LKOH,10
147824,MTLRP,200
147824,SU24019RMFS0,141
147824,SU29011RMFS2,52
147826,FESH,407200
147826,MTLR,499
147827,BRV7,-90
147829,SiZ7,3
147830,SU26204RMFS6,1411
147830,SiZ7,34
147830,BRV7,-20
147830,SRZ7,-33
147830,Si57000BV7,-75
147830,Si59000BV7,-10
147830,RI117500BJ7,-30
147830,RI120000BJ7,-20
147831,FXRB,300
147831,BRV7,32
147831,BR-10.17M260917PA52,16
147831,BR-10.17M260917CA53,27
147831,BR-10.17M260917CA55,-80
147831,Si60000BJ7,-15
147831,RTS-12.17M280917PA107500,-10
147831,RTS-12.17M280917PA110000,10
147831,RTS-12.17M280917CA112500,10
147831,RTS-12.17M280917CA115000,-10
147832,SiZ7,2
147832,SRZ7,-3
147832,EDZ7,-1
147832,VBZ7,3
147834,GDZ7,55
147836,NVTK,2450
147836,RTKMP,12200
147837,GAZP,1100
147837,SNGSP,4000
147838,GAZP,1850
147839,RIZ7,-2
147839,SiZ7,23
147839,EuZ7,1
147839,BRV7,-10
147839,BRZ7,-4
147839,MXZ7,-8
147839,GZZ7,80
147839,LKZ7,40
147839,RNZ7,9
147839,SRZ7,50
147839,GMZ7,4
147839,VBZ7,30
147839,TTZ7,2
147839,SPZ7,40
147840,GTLC,2701000
147840,ROLO,132000
147843,EDZ7,-12
147844,SiZ7,6
147844,SiH8,-4
147845,AFKS,1500
147845,AGRO,15
147845,BSPB,130
147845,GAZP,390
147845,GMKN,2
147845,MTSS,50
147845,PHOR,5
147845,RSTIP,1000
147845,RTKMP,200
147845,SBERP,100
147845,SIBN,140
147845,SU24019RMFS0,30
147845,SU29012RMFS0,25
147847,RTKM,230
147847,SNGS,1400
147847,SU25081RMFS9,8
147847,SU26204RMFS6,3
147847,TRMK,1060
147850,SiZ7,8
147852,GAZP,3210
147852,MFON,710
147852,GZZ7,300
147855,SiZ7,12
147856,BANEP,300
147856,LNTA,1500
147856,SBER,10000
147860,ALRS,1000
147860,BANE,50
147860,BANEP,2000
147860,GAZP,2000
147860,MFON,440
147860,NVTK,110
147860,PHOR,26
147860,RTKM,1000
147860,RTKMP,1600
147860,SNGSP,9000
147860,UPRO,54000
147862,MAGN,3000
147862,NVTK,160
147862,ROSN,650
147862,TRMK,3000
147863,GZZ7,1
147864,GAZP,10
147864,VTBR,20000
147866,AFKS,1500
147866,DASB,10000
147866,OGKB,1e+05
147866,RSTI,50000
147866,RTKM,400
147866,TRMK,600
147867,SU24019RMFS0,500
147867,SU29011RMFS2,1015
147870,AFKS,20
147870,BANE,30
147870,HYDR,240
147870,OFCB,40
147872,ALRS,1000
147872,FEES,5e+05
147872,GAZP,1050
147873,BRV7,-8
147874,MOEX,10
147876,SRZ7,-5
147877,BR-10.17M260917CA57,50
147877,Si-12.17M280917PA59000,125
147879,SiZ7,6
147880,GDZ7,120
147881,USD000000TOD,-110000
147882,GCHE,145
147882,NMTP,4000
147883,FEES,1750000
147883,IRAO,97000
147883,MTLR,1200
147883,MTLRP,570
147883,RASP,5250
147883,RUAL,5000
147884,SRZ7,1
147885,SiZ7,20
147887,AVAZ,100
147890,OFCB,10
147895,SVZ7,260
147896,RIZ7,-3
147896,RNZ7,-1
147896,SRZ7,-4
147896,GDZ7,-1
147896,AUZ7,-3
147896,CFZ7,1
147896,CHZ7,-1
147896,MEZ7,10
147896,NMZ7,-4
147896,SPZ7,-3
147897,AFKS,10000
147897,AFLT,700
147897,ALRS,2500
147897,BSPB,2000
147897,FEES,1e+06
147897,GAZP,4000
147897,LNTA,600
147897,MRKV,2e+06
147897,MSNG,50000
147897,MSTT,1000
147897,MTSS,1000
147897,ROSN,500
147897,RSTI,3e+05
147897,RUAL,4000
147897,SBER,2000
147897,SNGSP,12000
147897,SiZ7,-12
147897,GZZ7,-40
147897,RNZ7,-5
147897,SRZ7,-20
147897,MTZ7,-10
147897,SGZ7,-12
147897,Si57000BX7,-4
147897,Si58000BX7,-20
147897,Si60000BL7,8
147897,Si62000BL7,15
147897,RI100000BX7,10
147897,RI120000BL7,-15
147897,RI125000BL7,5
147897,GZ12500BL7,5
147897,SR18000BX7,-10
147897,SR20000BL7,14
147897,SR20500BL7,-20
147897,EUR_RUB__TOD,8000
147897,USD000000TOD,10000
147900,SiZ7,-5
147901,USD000000TOD,-15000
147902,BRV7,-12
147903,GAZP,20000
147905,SiZ7,-10
147905,USD000000TOD,8000
147907,MGNT,32
147907,Si58500BV7,10
147907,Si59000BJ7,-9
147908,LNTA,397
147911,GTLC,4e+06
147911,PRFN,3
147913,GAZP,1330
147913,LNTA,327
147913,LSRG,184
147915,FEES,60000
147915,IRAO,4000
147915,EUR_RUB__TOD,3000
147915,USD000000TOD,19000
147920,SiZ7,-23
147921,ALRS,-48500
147921,RIZ7,-40
147921,RTS-12.17M280917PA107500,400
147923,RIZ7,-1
147923,SiZ7,13
147923,GZZ7,17
147923,LKZ7,17
147923,RNZ7,20
147923,SRZ7,-19
147923,GDZ7,12
147923,GMZ7,-2
147923,VBZ7,10
147923,MEZ7,5
147923,MTZ7,-10
147923,SGZ7,4
147923,AFZ7,10
147924,RIZ7,-16
147924,BRV7,-15
147925,RIZ7,5
147925,SiZ7,-7
147925,EuZ7,-5
147925,SRZ7,11
147925,GDZ7,1
147925,Si55000BX7,-25
147925,Si59000BX7,-6
147925,SR18750BJ7,-13
147926,SiZ7,-65
147927,Si70000BL7,30
147928,MTLR,621
147928,OGKB,126000
147928,RSTI,89200
147929,SiZ7,-1
147931,RIZ7,31
147931,SiZ7,-157
147931,BRV7,69
147932,SiZ7,4
147932,BRV7,-4
147936,HYZ7,8
147936,MEZ7,5
147937,BRV7,23
147938,ALRS,155000
147938,GMKN,250
147938,MAGN,50000
147938,MOEX,40000
147938,MRKV,3500000
147938,MTSS,11000
147938,RSTI,1.1e+07
147938,BRV7,-5
147940,GZZ7,8
147940,LKZ7,3
147940,GMZ7,1
147940,SPZ7,6
147941,RTS-12.17M280917CA110000,15
147942,Si70000BL7,300
147942,Si75000BL7,-300
147944,Si59000BJ7,18
147947,RIZ7,-6
147949,RIZ7,-76
147950,SiZ7,-16
147951,GMKN,-15
147951,RIZ7,-15
147951,BRV7,-40
147951,EDZ7,-10
147952,RIZ7,-7
147952,BRV7,-45
147952,SRZ7,-20
147955,SiZ7,-7
147955,EuZ7,-6
147955,GZZ7,16
147955,SRZ7,15
147955,VBZ7,-16
147956,GDZ7,20
147957,AFKS,1700
147957,ALRS,600
147957,BANEP,25
147957,FEES,490000
147957,GAZP,230
147957,HYDR,36000
147957,MAGN,4800
147957,MSNG,13000
147957,NLMK,530
147957,PHOR,133
147957,RASP,1150
147957,RUALR,100
147964,GAZP,6000
147964,VTBR,1500000
147964,SRZ7,-15
147966,PRFN,62000
147967,RIZ7,30
147968,BRV7,-1080
147974,GAZP,2000
147974,HYDR,50000
147974,SNGS,4000
147974,VTBR,2e+06
147977,BRV7,-7
147978,SBER,-63000
147978,BRV7,-62
147983,BR-10.17M260917PA55,9
147983,BR-10.17M260917CA57,-111
147983,BR-10.17M260917CA58,-25
147984,AFKS,19100
147984,BANEP,235
147984,FEES,1650000
147984,GMKN,23
147984,LSRG,291
147984,MFON,160
147984,MOEX,1820
147984,NKNCP,8500
147984,RTKM,2820
147984,RTKMP,100
147984,SNGSP,10000
147984,SU26207RMFS9,1439
147986,SiZ7,-2
147988,SRZ7,34
147990,PIKK,10
147991,BRV7,-2
147993,RTS-12.17M280917PA105000,5
147993,RTS-12.17M280917PA107500,-10
147993,RTS-12.17M280917PA110000,5
147993,Si-12.17M280917PA57000,10
147993,Si-12.17M280917PA58000,-20
147993,Si-12.17M280917PA59000,10
147995,MAGN,9000
147995,OGKB,4e+05
147995,RASP,5000
147995,RSTI,2e+05
147995,RUAL,5000
147996,SiZ7,-27
147996,EuZ7,-18
147997,GMKN,103
147997,SNGSP,277
147999,RIZ7,1
147999,BRV7,-6
147999,GZZ7,1
147999,RI85000BX7,20
147999,RI90000BX7,20
147999,RI102500BX7,-6
147999,RI105000BX7,-4
147999,RI107500BX7,-1
147999,BR-10.17M260917PA55,-40
147999,GZ12000BX7,-5
147999,GZ12500BL7,-5
147999,RI117500BJ7,-20
148000,AGRO,400
148000,BANEP,300
148000,GAZP,4700
148000,LKOH,141
148000,MFON,800
148000,NVTK,200
148000,ROSN,1060
148000,UPRO,1e+05
148000,USD000000TOD,5000
148001,SiZ7,-15
148007,Si-12.17M280917CA59000,150
148008,Si58000BV7,670
148008,RTS-12.17M280917CA112500,65
148008,RTS-12.17M280917CA115000,57
148009,SiZ7,60
148009,EuZ7,167
148010,SiZ7,23
148010,EuZ7,142
148010,BRV7,-1
148011,SBRF-9.17,-109
148013,FEES,170000
148013,MOEX,1000
148013,RTKM,7000
148013,EDZ7,-10
148013,GUZ7,-10
148013,EUR_RUB__TOD,-45000
148014,BRV7,-250
148016,AFKS,1000
148016,AGRO,4
148016,ALRS,5500
148016,FEES,130000
148016,GAZP,770
148016,LKOH,9
148016,MOEX,1260
148016,PHOR,5
148016,POLY,371
148016,RSTI,9000
148016,RUAL,500
148016,SNGSP,6900
148016,UPRO,37000
148016,VTBR,330000
148016,SiZ7,1
148016,GZZ7,1
148016,SVZ7,13
148016,GDZ7,3
148016,GZH8,3
148016,ALZ7,66
148016,FSZ7,3
148016,VBZ7,31
148016,NMZ7,4
148017,GRNT,433000
148020,AGRO,20
148020,BSPB,200
148020,ENRU,40000
148020,GAZP,100
148020,GMKN,1
148020,HYDR,15000
148020,KRKNP,3
148020,LSNGP,2800
148020,MTLRP,1200
148020,RASP,1200
148020,RTKMP,600
148020,UPRO,20000
148021,FXMM,50
148021,SBER,100
148021,RIZ7,1
148023,BRV7,140
148024,SiZ7,130
148025,SiZ7,3
148025,EDZ7,-2
148026,LKOH,11
148026,SNGSP,7900
148026,UPRO,84000
148029,BRV7,-16
148032,AGRO,169
148032,BANEP,85
148032,BSPB,1610
148032,FEES,7e+05
148032,GMKN,12
148032,KRKNP,5
148032,LSNGP,2800
148032,NMTP,15000
148032,NVTK,280
148032,POLY,210
148032,SiZ7,70
148033,BRV7,-27
148034,AKRN,1
148034,MGNT,1
148034,MOEX,300
148035,SRZ7,-89
148037,RIZ7,1
148037,RI112500BJ7,12
148037,RI112500BV7,12
148039,FEES,3300000
148040,FEES,120000
148040,GAZP,1160
148040,HYDR,166400
148040,OGKB,248800
148040,SU24018RMFS2,102
148040,SU24019RMFS0,714
148040,SU26204RMFS6,40
148040,SU29011RMFS2,257
148040,SU29012RMFS0,363
148040,VTBR,660000
148040,MMZ7,-6
148041,SBER,50000
148042,AKRN,8
148042,GAZP,200
148042,LSRG,76
148042,MSTT,10
148042,MTSS,260
148042,RSTIP,5000
148042,SU24018RMFS2,10
148042,SU24019RMFS0,4
148042,SU26207RMFS9,12
148042,SU26212RMFS9,3
148042,SU26218RMFS6,4
148042,SU26219RMFS4,6
148042,SU26221RMFS0,2
148042,UPRO,2000
148043,GAZP,500
148043,HYDR,125000
148043,LKOH,50
148043,ROSN,700
148043,VTBR,2800000
148044,FEES,4e+06
148044,GAZP,1000
148044,GMKN,70
148044,NVTK,300
148045,AFKS,18000
148045,GMKN,35
148045,LSNGP,5000
148045,MAGN,7500
148045,MSNG,90000
148045,MTSS,840
148045,RASP,4000
148045,RUAL,7000
148046,MTLR,3000
148046,RASP,2000
148046,RSTI,1e+05
148047,AFKS,11900
148047,LKOH,20
148047,MOEX,880
148047,MTSS,3470
148047,NKNCP,5600
148047,PRTK,500
148047,RTKM,1810
148047,RTKMP,2900
148047,SBER,1720
148047,SBERP,3500
148047,SNGSP,6500
148047,TATNP,450
148047,TRCN,9
148047,VTBR,2e+06
148050,SBER,-4530
148050,RI110000BV7,50
148054,RIZ7,-2
148054,SiZ7,4
148054,EuZ7,3
148054,MXZ7,1
148056,APTK,5000
148056,GAZP,12000
148056,TAER,20000
148057,SBER,-20
148057,SiZ7,1
148057,SRH8,-3
148063,GAZP,240
148063,SBER,-380
148065,SBER,-82000
148067,AVAZ,20000
148067,FXMM,3500
148067,IRAO,370
148067,RSTI,200
148067,SNGSP,10000
148068,GAZP,30
148068,LKOH,1
148068,ROSN,10
148068,SNGSP,100
148069,SiZ7,167
148070,AGRO,100
148070,AKRN,10
148070,BSPB,20
148070,FXMM,100
148070,FXRU,1
148070,HYDR,5000
148070,MFON,70
148070,MOEX,200
148070,MTLRP,200
148070,POLY,10
148070,ROSN,50
148070,RTKMP,300
148070,SU24019RMFS0,20
148070,SU25081RMFS9,20
148070,VTBR,5e+05
148072,AFKS,78800
148072,AKRN,2633
148072,FEES,5e+07
148076,BRV7,110
148077,SiZ7,1
148077,EuZ7,1
148077,LKZ7,-2
148077,FSZ7,-2
148078,RIZ7,12
148078,RIH8,-2
148084,RI85000BX7,-159
148084,RI90000BX7,-70
148084,RI122500BL7,-30
148084,RI127500BL7,-71
148088,NVTK,-60
148088,PRFN,8000
148088,UPRO,30000
148089,AFKS,1000
148091,GZZ7,100
148091,Si58000BV7,-10
148092,SRZ7,12
148093,FSZ7,90
148095,GZZ7,219
148097,BRV7,-829
148100,BRV7,-6
148101,EuZ7,3
148103,IRAO,5000
148103,KMAZ,200
148103,RUAL,400
148103,SBERP,100
148104,ENRU,5e+05
148104,GMKN,27
148104,PHOR,120
148104,RASP,3230
148107,GDZ7,9
148107,JPZ7,-2
148109,AFKS,4900
148109,AVAZP,2600
148109,BANEP,44
148109,BSPB,310
148109,ENRU,31000
148109,FEES,340000
148109,GAZP,1710
148109,GMKN,7
148109,KMAZ,300
148109,LKOH,28
148109,LSRG,40
148109,MFON,180
148109,MOEX,300
148109,MSRS,103000
148109,MTSS,80
148109,NKNCP,1500
148109,PRTK,400
148109,RSTIP,55000
148109,RTKMP,2300
148109,SELGP,1200
148109,SNGSP,7900
148109,UNAC,55800
148109,UPRO,37000
148109,VSMO,2
148109,SiZ7,28
148109,SRZ7,-6
148109,SVZ7,5
148110,VTBR,49794
148110,BRV7,10
148111,DASB,1850000
148111,MXZ7,-2
148111,PTZ7,6
148113,SiZ7,-30
148115,RI105000BV7,3
148115,RI115000BJ7,4
148116,GAZP,4350
148116,SiZ7,1
148116,EuZ7,1
148116,GZZ7,2
148116,EDZ7,-2
148117,ALRS,1300
148117,IRAO,40000
148117,LSRG,100
148117,MOEX,1000
148117,NVTK,250
148117,SBER,600
148118,BRV7,-25
148118,BRX7,-30
148118,BRZ7,-6
148118,GZZ7,-2
148118,BRF8,-12
148119,BRV7,-1
148120,Si59000BX7,-1
148121,BRX7,62
148124,FEES,1450000
148124,HYDR,1000
148124,LSNGP,2000
148124,MSRS,140000
148124,RSTI,15000
148124,RSTIP,1400000
148127,AFLT,100
148127,UPRO,2000
148127,YNDX,7
148127,BRV7,-3
148127,Si59000BX7,3
148127,BR-10.17M260917PA50,2
148127,BR-10.17M260917PA52,2
148127,BR-10.17M260917PA54,2
148128,LKZ7,1
148128,VTBR-9.17,2
148129,ALRS,3000
148129,MOEX,3000
148129,BRV7,-1
148132,BRV7,-760
148133,ENRU,70000
148133,LKOH,100
148133,MSRS,1e+05
148133,OGKB,1e+05
148133,SNGS,10000
148133,VTBR,8e+06
148134,RIZ7,-2
148134,SRZ7,1
148138,ALRS,300
148138,CHMF,20
148138,GAZP,210
148138,GMKN,2
148138,LKOH,9
148138,MOEX,30
148138,MTSS,30
148138,NVTK,20
148138,ROSN,20
148138,SBER,180
148138,SNGS,300
148138,SU24018RMFS2,20
148138,SU24019RMFS0,20
148138,SU25081RMFS9,20
148138,SU26216RMFS0,20
148138,SU26218RMFS6,42
148138,SU26221RMFS0,20
148138,SU29006RMFS2,20
148138,SU29011RMFS2,20
148138,SU29012RMFS0,20
148138,TATN,30
148138,VTBR,60000
148138,SiZ7,3
148138,MMZ7,10
148140,BRV7,-2
148140,LKZ7,1
148140,JPZ7,1
148141,AGRO,233
148141,ALRS,2100
148141,FEES,550000
148141,GMKN,100
148141,LNTA,178
148141,MOEX,1700
148141,NVTK,140
148141,RTKM,1130
148141,RTKMP,1800
148146,SiZ7,23
148146,BRV7,17
148146,BRZ7,6
148146,GZZ7,48
148146,LKZ7,4
148146,RNZ7,10
148146,SVZ7,313
148146,GDZ7,3
148146,PTZ7,25
148146,SAV7,7
148146,AUZ7,3
148146,GUZ7,-2
148146,JPZ7,2
148146,CAZ7,8
148146,CFZ7,-4
148146,ALZ7,22
148146,FSZ7,9
148146,VBZ7,25
148146,HYZ7,21
148146,TTZ7,6
148146,MNZ7,6
148146,SNZ7,9
148146,NKZ7,4
148146,RTZ7,20
148146,SGZ7,14
148147,BRV7,10
148147,BR-10.17M260917PA53,220
148147,RI112500BJ7,20
148148,USD000000TOD,6000
148149,BSPB,3000
148149,LKOH,270
148149,ROSN,2500
148149,YNDX,1
148153,MTLRP,9983
148155,GUZ7,-20
148156,ACKO,30000
148156,GMKN,10
148156,LKOH,100
148156,RASP,8000
148158,ALRS,200
148158,FXGD,20
148158,GAZP,200
148158,NLMK,150
148158,POLY,45
148158,SIBN,100
148158,SU24019RMFS0,25
148159,AFKS,15
148159,GMKN,10
148159,MGNT,20
148159,RSTI,1e+05
148159,TAER,110
148161,SiZ7,-20
148163,BSPB,580
148165,FXAU,36
148165,FXCN,25
148165,FXDE,29
148165,FXGD,111
148165,FXIT,28
148165,FXJP,30
148165,FXRB,445
148165,FXRL,49
148165,FXUK,34
148165,FXUS,24
148166,GAZP,72800
148167,BRV7,-147
148167,BR-10.17M260917PA47,47
148167,BR-10.17M260917PA50,1333
148169,ALRS,2200
148169,BSPB,2000
148170,MEZ7,-1
148173,AFKS,15000
148173,AFLT,500
148173,ALRS,1000
148173,GAZP,1000
148173,TRMK,1500
148175,ALRS,700
148175,BANEP,150
148180,RI100000BV7,165
148180,RI97500BW7,71
148181,APTK,21970
148181,GTLC,37000
148181,TGKO,510990
148182,BRV7,-103
148186,ENRU,201000
148186,GMKN,23
148190,GZZ7,40
148190,GDZ7,12
148192,MNZ7,-21
148193,SiZ7,135
148194,APTK,2430
148194,GAZP,1500
148194,ROLO,23000
148194,RTKM,40
148194,RTKMP,1100
148194,VTBR,7e+05
148196,GDZ7,5
148196,VBZ7,5
148198,AFKS,10000
148198,ALRS,4000
148198,GAZP,1000
148198,MTLR,710
148199,RIZ7,-1
148201,SiZ7,76
148203,AFKS,13000
148203,BANEP,165
148203,BSPB,1560
148203,CHMF,120
148203,FEES,770000
148203,GAZP,3270
148203,GMKN,39
148203,HYDR,149000
148203,LKOH,36
148203,LSNGP,2400
148203,MOEX,1000
148203,MTSS,500
148203,NKNCP,8300
148203,NVTK,210
148203,RTKM,2700
148203,SBER,160
148203,SNGS,3000
148203,SNGSP,7100
148203,VTBR,3080000
148204,SBRF-9.17,25
148205,BRV7,-300
148206,AFKS,140
148206,GAZP,340
148206,MSNG,2000
148206,MSRS,30000
148206,MSTT,240
148206,MTSS,60
148206,PHOR,24
148206,RTKMP,1100
148206,SNGSP,1800
148206,SU24019RMFS0,1
148206,SU25081RMFS9,1
148206,SU26214RMFS5,15
148206,SU26217RMFS8,4
148206,TATNP,7
148206,UPRO,6000
148207,SiZ7,55
148207,Si61000BJ7,550
148209,RTKMP,1000
148210,RTKMP,1000
148212,GTLC,60000
148212,SIBN,20
148212,SNGSP,500
148212,UPRO,1000
148212,VTBR,10000
148218,RIZ7,4
148218,USD000000TOD,10
148221,GAZP,100
148221,MOEX,690
148221,NMTP,3000
148225,BR-10.17M260917PA48,50
148225,BR-10.17M260917PA55,500
148226,SiZ7,3
148226,GZZ7,80
148226,LKZ7,5
148227,BANEP,320
148227,SELGP,7800
148227,TGKO,1978440
148229,SBER,-280
148230,RIZ7,3
148230,SiZ7,-4
148230,GZZ7,5
148230,LKZ7,5
148230,GDZ7,3
148230,GD1400BL7,1
148230,Si54000BV7,10
148230,RI125000BJ7,11
148230,RI127500BJ7,20
148230,RI130000BJ7,11
148232,SiZ7,7
148236,RTS-12.17M280917PA110000,2
148237,RIZ7,-1
148237,SRZ7,-10
148237,EDZ7,-1
148239,SiZ7,100
148239,BRV7,-100
148239,GDZ7,100
148241,HYDR,1250
148241,LNTA,1000
148241,QIWI,731
148243,OGKB,2300000
148244,SU24018RMFS2,420
148244,SU25081RMFS9,70
148244,SU26204RMFS6,70
148244,SU26216RMFS0,70
148244,GZZ7,122
148247,SVZ7,9
148248,SiZ7,25
148249,BR-10.17M260917PA55,6
148253,MXZ7,-6
148254,RIZ7,-1
148255,AKRN,8
148255,CHMF,30
148255,GMKN,3
148255,IRAO,8000
148255,LKOH,9
148255,MAGN,700
148255,RASP,390
148255,SBERP,200
148255,SU26204RMFS6,28
148255,SU26210RMFS3,26
148258,BRV7,6
148259,SRZ7,88
148261,GZZ7,6
148261,SRZ7,-15
148261,EDZ7,-2
148261,VBZ7,6
148261,HYZ7,5
148262,SiZ7,2
148262,SVZ7,1
148262,GDZ7,1
148262,USD000000TOD,12000
148263,BANEP,3334
148263,MTLRP,1111
148268,GZZ7,12
148269,GMKN,23
148270,SiZ7,124
148271,OGKB,3283000
148271,VBZ7,840
148273,GAZP,27650
148275,BRV7,-100
148276,SiZ7,-17
148276,BRV7,18
148276,SRZ7,32
148283,RIZ7,40
148285,GAZP,50
148285,SBER,-100
148286,RIZ7,426
148287,AFKS,1200
148287,SBER,10
148288,GMKN,50
148294,SiZ7,-4
148294,GZZ7,-9
148294,SRZ7,-6
148294,Si58250BJ7,6
148294,GZ12500BJ7,18
148294,SR19250BJ7,12
148297,VTBR-9.17,81
148298,BRV7,1
148301,BRV7,-15
148301,MMZ7,-2
148301,BR-10.17M260917CA54,15
148301,BR-10.17M260917PA54,-15
148301,MM2000BL7,-2
148301,MM2100BL7,-5
148301,MM2150BL7,-4
148301,GD1300BX7,1
148301,GD1310BX7,1
148301,GD1320BL7,4
148301,GD1320BX7,3
148301,GD1340BL7,6
148301,MM2050BV7,-7
148301,MM2100BJ7,5
148301,MM2200BJ7,20
148302,GAZP,420
148302,MOEX,450
148302,SVZ7,-15
148303,RIZ7,-6
148303,SiZ7,127
148303,RI100000BX7,-25
148303,RI125000BL7,25
148303,Si57000BV7,225
148303,Si60000BJ7,-300
148307,SiZ7,200
148307,BRV7,-4000
148307,GDZ7,-2100
148307,EDZ7,-20
148307,BR-10.17M260917CA55,-600
148308,SRZ7,-200
148308,SPZ7,-200
148311,BRV7,49
148312,SiZ7,125
148312,Si75000BL7,2009
148313,AFKS,16000
148313,GAZP,700
148313,NVTK,160
148313,ROSN,300
148313,RTKM,2600
148315,AFKS,10000
148315,GAZP,1000
148315,GRNT,250000
148315,LKOH,55
148315,LSRG,100
148315,MOEX,5000
148315,MSTT,1000
148315,MTSS,1000
148315,NKNCP,1000
148315,PRTK,1000
148315,RGSS,250000
148315,RTKMP,1000
148315,SNGSP,2000
148316,RIZ7,-35
148317,AFKS,6800
148317,FEES,3e+05
148317,GAZP,100
148317,HYDR,240000
148317,OGKB,198000
148317,RASP,6810
148317,RBCM,500
148317,RSTI,597000
148317,RTKM,300
148318,RTKM,6000
148320,SRZ7,102
148320,SPZ7,-136
148321,RIZ7,-42
148323,AFLT,300
148323,AGRO,284
148323,BANEP,193
148323,FEES,2210000
148323,GAZP,2400
148323,KRKNP,10
148323,LSNGP,11000
148323,MRKV,1780000
148323,MSTT,500
148323,MTLRP,1200
148323,RASP,8330
148323,RUAL,6400
148324,AFLT,4
148324,AGRO,290
148324,ALRS,30
148324,GAZP,60
148324,HYDR,15
148324,MOEX,90
148324,MTLR,330
148324,NVTK,5
148324,PRTK,13
148324,QIWI,230
148324,RTKM,2
148324,SNGS,10
148324,TATN,30
148325,SiZ7,106
148327,AFKS,1300
148327,AGRO,40
148327,ALRS,200
148327,BANE,10
148327,IRGZ,1900
148327,MTLRP,200
148327,MTSS,100
148327,NMTP,3000
148327,NVTK,20
148327,RSTI,20000
148327,SBER,100
148328,SU24019RMFS0,4750
148328,SU29006RMFS2,300
148329,BRV7,40
148329,GZZ7,96
148330,BRV7,6
148330,GUZ7,-6
148330,CAZ7,9
148330,CFZ7,10
148330,MEZ7,-16
148330,NMZ7,-13
148330,NKZ7,-3
148330,RTZ7,14
148338,AFKS,3000
148338,GAZP,600
148338,MOEX,1600
148338,MTLR,550
148338,ROSN,500
148338,SU29006RMFS2,89
148338,VTBR,1400000
148340,AFLT,2600
148341,GZZ7,120
148341,LKZ7,7
148342,MOEX,1440
148342,MTSS,50
148342,SNGSP,5200
148344,BRV7,-196
148345,SBER,2100
148346,RTS-12.17M280917PA107500,14
148346,RTS-12.17M280917PA110000,1
148347,AVAZP,1800
148347,ENRU,35000
148347,GMKN,6
148347,KRKNP,6
148347,LSNGP,2800
148347,MRKP,450000
148347,MSNG,29000
148347,MSTT,230
148347,MTLRP,110
148347,OGKB,152000
148347,RASP,280
148347,RUAL,1000
148347,SBERP,200
148349,BSPB,1000
148349,GAZP,850
148349,GMKN,5
148349,MOEX,500
148349,MSNG,23000
148349,PRTK,500
148349,SBER,280
148350,SiZ7,33
148351,AFKS,800
148351,GAZP,170
148351,MTSS,110
148351,SU26219RMFS4,80
148351,RIZ7,2
148351,SiZ7,-4
148351,EuZ7,-3
148351,BRV7,6
148351,SRZ7,12
148352,RIZ7,-2
148352,SiZ7,6
148352,BRV7,-2
148356,MOEX,180
148356,SBERP,900
148356,SU26212RMFS9,40
148356,YNDX,2
148358,FXGD,100
148358,FXRB,290
148358,SiZ7,60
148358,BR51BV7,-30
148361,SiZ7,1
148365,ALRS,700
148365,FEES,1e+06
148365,MOEX,650
148367,SiZ7,80
148368,AFKS,10000
148368,GMKN,10
148368,MTLRP,400
148368,RASP,2010
148369,EDZ7,100
148372,CHMF,300
148372,MOEX,2300
148372,SiZ7,100
148397,AFKS,4100
148397,BANE,26
148397,FEES,1160000
148397,GAZP,380
148397,MAGN,800
148397,MGNT,6
148397,MOEX,200
148397,MTSS,70
148397,NLMK,500
148397,RSTI,127000
148397,SBER,140
148397,SNGSP,4600
148397,VTBR,1540000
148402,SiZ7,3
148403,FEES,1500000
148403,FXDE,250
148403,GAZP,5000
148403,RSTI,6e+05
148403,SBER,3000
148403,SNGS,6800
148403,SNGSP,10000
148403,TRNFP,1
148403,RIZ7,-4
148403,SiZ7,-58
148403,EuZ7,-48
148403,SRZ7,32
148407,RIZ7,6
148407,SiZ7,-17
148408,ENRU,8237
148408,RTKM,3500
148412,VTBR-9.17,107
148414,MOEX,-15000
148414,ROSN,-1000
148415,BRV7,1
148415,GDZ7,26
148416,MTLR,13
148416,MTLRP,130
148417,MAGN,700
148417,MSNG,15000
148417,MTSS,170
148417,RASP,520
148417,RSTI,42000
148417,SBER,330
148420,GAZP,60
148420,BRV7,-6
148420,EDZ7,-8
148422,Si56000BV7,17
148443,GRNT,537000
148444,ALRS,2500
148444,ROSN,270
148444,SU24019RMFS0,50
148446,GAZP,7450
148446,IRAO,314000
148446,RSTI,1225000
148448,TRMK,1000
148450,SiZ7,20
148450,BRV7,-15
148450,EDZ7,-29
148451,SBER,1730
148452,RIZ7,-1
148452,RTS-12.17M280917PA110000,10
148454,GAZP,5000
148454,MTLRP,2000
148454,PHOR,50
148455,SiZ7,-19
148455,BRV7,-13
148455,BRX7,-10
148455,MXZ7,35
148455,GZZ7,-135
148455,LKZ7,-53
148455,RNZ7,-16
148455,SRZ7,-144
148455,GZH8,-1
148455,FSZ7,17
148455,GMZ7,5
148455,VBZ7,-69
148455,MNZ7,-105
148455,MTZ7,-12
148457,LKOH,331
148457,MFON,1530
148457,MOEX,8840
148457,NVTK,1610
148457,RNFT,3180
148457,RTKM,8040
148457,SIBN,3010
148458,SRZ7,1
148461,RIZ7,-1
148461,SiZ7,4
148461,BRV7,-3
148462,RIZ7,5
148462,SiZ7,-16
148462,GZZ7,42
148462,SRZ7,12
148465,RI90000BX7,-210
148466,RIZ7,13
148466,SiZ7,-9
148466,BRV7,27
148468,BRV7,10
148468,GDZ7,5
148470,SU24018RMFS2,500
148470,SU25081RMFS9,200
148470,SU26204RMFS6,200
148472,RIZ7,-4
148472,SiZ7,20
148472,BRV7,-8
148474,BANEP,27
148474,GAZP,200
148474,KRKNP,1
148474,LSNGP,1000
148474,MRKP,50000
148474,MRKV,1e+05
148474,PRFN,5000
148474,SBER,-70
148474,SBERP,-2
148474,SNGSP,200
148475,RTS-12.17M280917CA120000,-2
148477,AKRN,60
148477,GMKN,69
148477,MSRS,92000
148477,PHOR,88
148477,TGKA,10200000
148478,RIZ7,-21
148482,LK31000BJ7,1
148484,GAZP,2990
148489,BRV7,-6
148490,AFKS,1200
148490,ALRS,600
148490,LKOH,26
148490,MOEX,700
148490,PLZL,18
148490,PRTK,200
148491,SiZ7,-18
148491,BRX7,-20
148491,BR51BV7,-20
148492,UPRO,47000
148493,HYDR,361000
148501,RIZ7,1
148501,SiZ7,-8
148501,BRV7,8
148512,SBER,5500
148514,AFKS,54
148514,GAZP,43
148514,OFCB,38
148514,ROLO,24
148514,TGKO,7394
148516,BRV7,-75
148519,AFKS,12000
148521,RIZ7,-15
148521,SiZ7,-57
148521,EuZ7,-30
148522,RI110000BV7,-1
148522,RI112500BJ7,-4
148523,RIZ7,-1
148523,SiZ7,330
148523,BRV7,-50
148558,SiZ7,5
148559,SiZ7,10
148565,GAZP,100
148565,GZZ7,-2
148565,EDZ7,2
148566,AFLT,3000
148566,GMKN,53
148566,HYDR,180000
148566,ROSN,5530
148566,SBER,1600
148566,SU26218RMFS6,680
148566,SU29006RMFS2,3841
148566,SU29011RMFS2,1867
148566,BRV7,-150
148566,BRX7,-150
148567,EDZ7,51
148568,SiZ7,8
148568,GZZ7,78
148568,LKZ7,50
148568,EDZ7,12
148569,EuZ7,-35
148569,BRX7,-30
148572,SiZ7,63
148573,MTLR,40
148573,MTLRP,4070
148574,GAZP,14000
148575,AGRO,250
148575,ALRS,4500
148575,DSKY,1120
148575,FEES,50000
148575,GAZP,2000
148575,GMKN,23
148575,HYDR,10000
148575,IRAO,2000
148575,MOEX,2000
148575,MRKC,20000
148575,MRKP,60000
148575,MRKV,150000
148575,OGKB,20000
148575,PRFN,3000
148575,QIWI,11
148575,ROSN,1900
148575,RSTI,10000
148575,UNAC,140000
148575,VTBR,3e+06
148576,ALRS,-10000
148576,BANEP,500
148576,FEES,5e+06
148576,HYDR,1e+06
148576,IRAO,2e+05
148576,LSRG,500
148576,NVTK,2000
148578,ALRS,2800
148578,HYDR,378000
148578,SNGS,8000
148579,ALRS,1000
148579,FEES,120000
148579,NVTK,180
148579,ROSN,60
148581,VTBR,1000
148583,SiZ7,-14
148583,SRZ7,270
148585,ALRS,4000
148585,MTSS,2020
148585,NVTK,500
148586,AFKS,4000
148586,MOEX,12100
148587,ALRS,1000
148587,GTLC,8000
148587,TATN,270
148587,RIZ7,-3
148588,GAZP,-140
148588,GMKN,3
148588,HYDR,-26000
148588,ROSN,-90
148588,RSTI,20000
148588,SBER,190
148588,SNGS,700
148589,SiZ7,-129
148589,EuZ7,-157
148589,GZZ7,293
148589,SRZ7,438
148589,GDZ7,-140
148590,GAZP,150
148591,AFKS,13900
148591,FEES,1030000
148591,MFON,50
148591,MTSS,120
148591,RSTI,2e+05
148591,RTKM,650
148592,AFKS,4200
148592,AFLT,100
148592,BSPB,270
148592,CHMF,30
148592,DSKY,750
148592,ENRU,22000
148592,GMKN,2
148592,GTLC,1000
148592,LKOH,10
148592,LSNGP,300
148592,MAGN,700
148592,MOEX,30
148592,MSNG,4000
148592,MSRS,11000
148592,MTSS,110
148592,MVID,80
148592,NLMK,160
148592,NMTP,4000
148592,OGKB,47000
148592,PHOR,4
148592,POLY,17
148592,PRFN,1000
148592,PRTK,100
148592,QIWI,11
148592,RASP,30
148592,RNFT,90
148592,SBER,110
148592,SNGS,1000
148592,SNGSP,700
148592,TGKA,1500000
148593,APTK,20000
148593,RIZ7,-70
148593,SiZ7,700
148593,Si65000BL7,100
148593,Si70000BL7,400
148593,Si80000BL7,400
148593,Si90000BL7,15
148594,CHMF,90
148594,FEES,60000
148594,GAZP,230
148594,LSNGP,300
148594,LSRG,11
148594,MFON,40
148594,MRKC,4000
148594,MSTT,10
148594,MTSS,260
148594,NKNCP,300
148594,NLMK,30
148594,NMTP,2000
148594,RSTIP,11000
148594,SNGSP,2000
148595,HYDR,350000
148595,IRAO,240
148595,MTLR,3642
148595,MTLRP,5600
148595,SBER,-500
148596,RIZ7,2
148596,BRV7,-10
148596,MXZ7,-1
148596,SRZ7,-20
148596,GMZ7,-2
148596,RI105000BL7,-3
148596,BR-10.17M260917CA53,-10
148596,Si-12.17M280917CA59000,10
148597,CHMF,-400
148597,FEES,2e+06
148597,LKOH,300
148597,NLMK,-2000
148597,SBER,-4000
148597,SNGS,10000
148597,SNGSP,15000
148597,VTBR,9e+06
148598,ALRS,1200
148598,BANE,46
148598,MTLR,500
148598,RTKM,1400
148598,SBER,500
148598,TATN,10
148598,BRV7,-17
148599,GZZ7,10
148600,AFKS,500
148600,AGRO,2
148600,GTLC,70000
148600,MSTT,50
148600,RSTIP,5000
148600,SVAV,560
148601,BRV7,-6
148601,BRZ7,-3
148602,FEES,210000
148602,GAZP,1000
148602,IRAO,10000
148602,LSRG,50
148602,PHOR,12
148602,ROSN,200
148602,SNGSP,1800
148603,AFKS,400
148603,AGRO,69
148603,BANEP,25
148603,CHMF,10
148603,DIXY,210
148603,GAZP,60
148603,GMKN,2
148603,KMAZ,400
148603,LKOH,4
148603,MAGN,200
148603,MFON,70
148603,MGNT,2
148603,MOEX,80
148603,MTLR,577
148603,MTSS,80
148603,NKNCP,2100
148603,NLMK,100
148603,POLY,28
148603,RTKM,110
148603,RTKMP,300
148603,RUAL,900
148603,SNGS,1700
148603,SNGSP,1200
148603,SVAV,30
148603,TAER,1010
148603,TRMK,960
148603,UPRO,6000
148603,URKA,30
148603,YNDX,5
148604,BANEP,75
148604,BSPB,2500
148604,ENRU,221000
148604,GMKN,29
148604,IRAO,50000
148604,LSRG,225
148604,MOEX,1500
148604,MSNG,26000
148604,MSTT,1000
148604,MTSS,390
148604,NMTP,12000
148604,SBERP,2500
148604,SIBN,400
148609,AFKS,1000
148609,AGRO,2
148609,ALRS,300
148609,APTK,550
148609,AVAZ,200
148609,BSPB,140
148609,DIXY,40
148609,FXCN,2
148609,FXDE,2
148609,FXGD,1
148609,FXJP,3
148609,FXMM,1
148609,FXRB,1
148609,GAZP,270
148609,GMKN,1
148609,GRNT,47000
148609,IRAO,920
148609,LNTA,60
148609,MGNT,1
148609,MOEX,10
148609,MTSS,68
148609,PHOR,9
148609,POLY,33
148609,PSBR,10000
148609,RGSS,1000
148609,ROSN,20
148609,RTKMP,400
148609,SBER,10
148609,TRMK,280
148609,UPRO,4000
148609,URKA,250
148609,VTBR,303000
148611,FEES,7700000
148611,GAZP,1450
148611,GMKN,350
148611,LKOH,145
148611,NVTK,2000
148611,RSTIP,220000
148611,SU26219RMFS4,1500
148613,SBER,30000
148615,GMKN,2
148616,ALRS,1500
148616,GAZP,5300
148616,HYDR,3e+05
148616,MOEX,8200
148616,POLY,202
148616,ROSN,2600
148616,SNGSP,30000
148616,URKA,1500
148618,GAZP,8080
148618,GZZ7,-550
148619,ALRS,100
148619,FEES,710000
148619,MFON,410
148619,RTKM,530
148619,SNGS,1300
148619,SNGSP,6100
148619,UPRO,48000
148620,ROSN,570
148621,TGKO,2e+05
148623,BANEP,50
148623,GAZP,450
148623,LKOH,20
148623,MFON,90
148623,RASP,20
148623,SU24018RMFS2,10
148623,SVAV,70
148623,TRMK,40
148624,MGNT,10
148624,RTKMP,3000
148625,AGRO,321
148625,GAZP,2450
148625,GMKN,24
148625,MOEX,1930
148625,ROSN,650
148625,RTKM,3190
148625,SU24019RMFS0,4311
148625,SU29006RMFS2,7169
148625,TATN,890
148625,VTBR,4030000
148626,BRV7,-50
148626,SRZ7,20
148627,RBCM,2000
148627,SBER,-5000
148627,SBERP,-25000
148628,ALRS,20000
148628,FEES,2100000
148628,GMKN,400
148628,KRKNP,15
148628,MAGN,140000
148628,MTLRP,6000
148628,OGKB,5e+05
148628,RASP,40000
148628,RUAL,2000
148628,VTBR,2e+07
148629,GAZP,13500
148629,PRFN,7000
148630,GMZ7,7
148631,ALRS,-1700
148631,GAZP,210
148631,GMKN,7
148631,LKOH,9
148631,MOEX,10
148631,NVTK,60
148631,TRMK,750
148631,UPRO,30000
148632,ALRS,5000
148632,FEES,1820000
148632,HYDR,2e+05
148632,MAGN,7000
148632,MTLR,1000
148632,NLMK,-8120
148632,RSTI,-3e+05
148633,SiZ7,450
148633,VBZ7,-204
148635,AFLT,800
148635,ALRS,1200
148635,FXGD,70
148635,GAZP,370
148635,GMKN,5
148635,HYDR,10000
148635,LKOH,17
148635,MOEX,100
148635,MTSS,130
148635,NVTK,140
148635,OGKB,1000
148635,ROSN,80
148635,SBER,240
148635,SNGSP,1100
148635,SU29006RMFS2,984
148635,SU29008RMFS8,435
148635,SU29009RMFS6,322
148635,SU29010RMFS4,312
148635,SU29011RMFS2,144
148635,SU29012RMFS0,1212
148635,UPRO,5000
148635,VTBR,190000
148636,MTSS,-2680
148636,BRV7,-20
148637,AFLT,700
148637,AGRO,134
148637,BANEP,49
148637,GAZP,70
148637,MSNG,14000
148637,POLY,64
148637,ROSN,390
148637,RTKM,620
148637,SBER,-1030
148638,EDZ7,-205
148642,BSPB,320
148642,GAZP,1700
148642,HYDR,15000
148642,MAGN,300
148642,MFON,20
148642,ODVA,2000
148642,OGKB,50000
148642,RBCM,24
148642,RTKM,2220
148642,RTKMP,1700
148642,URKA,260
148642,GZZ7,1
148644,SU24019RMFS0,20781
148644,SU29011RMFS2,14391
148646,ENRU,88
148647,FXRU,10
148647,GAZP,560
148647,SU29011RMFS2,18
148647,VTBR,240000
148647,SiZ7,8
148647,EDZ7,-2
148649,GAZP,12000
148649,GMKN,100
148649,SNGSP,95000
148650,SNGSP,2700
148650,SU24019RMFS0,190
148651,ROSN,680
148654,RIZ7,2
148654,BRV7,10
148655,GMKN,90
148656,GAZP,94500
148656,VTBR,4e+07
148657,GAZP,90000
148657,GMKN,300
148657,LKOH,1500
148657,ROSN,15000
148657,SNGSP,1e+05
148657,VTBR,3e+07
148658,AFKS,115000
148658,AFLT,500
148658,ALRS,5000
148658,BSPB,4000
148658,CBOM,20000
148658,ENRU,10000
148658,GAZP,3000
148658,GMKN,60
148658,LKOH,100
148658,MAGN,6000
148658,MTLR,930
148658,MTLRP,2000
148658,MTSS,500
148658,NMTP,20000
148658,NVTK,1000
148658,OFCB,1000
148658,PHOR,51
148658,POLY,1000
148658,RNFT,100
148658,ROSN,1000
148658,RSTI,2e+05
148658,RSTIP,150000
148658,RUAL,100
148658,SBER,10
148658,SNGS,3000
148658,SNGSP,3000
148658,URKA,100
148658,YNDX,300
148659,SiZ7,1
148659,SiH8,2
148661,FEES,1400000
148661,GMKN,100
148661,HYDR,860000
148661,MOEX,2040
148661,NVTK,1000
148661,POLY,100
148661,RSTI,70000
148661,RTKM,5490
148661,VTBR,4130000
148663,BANE,3
148663,GAZP,200
148663,GTLC,83000
148663,RTKMP,3900
148663,TGKO,1120
148665,AFKS,2200
148665,AFLT,1200
148665,ALRS,900
148665,BANEP,45
148665,FEES,620000
148665,GAZP,3700
148665,GMKN,63
148665,HYDR,26000
148665,IRAO,10000
148665,LNTA,118
148665,LSNGP,100
148665,MAGN,-1500
148665,MFON,290
148665,MOEX,1350
148665,MSNG,2000
148665,MTSS,-210
148665,NVTK,140
148665,ROSN,190
148665,SBER,530
148665,SBERP,600
148665,SNGSP,8300
148665,TATN,50
148665,TATNP,60
148665,YNDX,30
148665,EDZ7,-4
148666,AFKS,10000
148666,FEES,1e+06
148668,BRV7,-70
148669,BRV7,-72
148670,GAZP,840
148671,SNGSP,1000
148671,BRV7,-3
148672,MOEX,170
148672,ROSN,30
148672,SNGSP,300
148673,APTK,10070
148673,AVAZ,300
148673,FEES,1300000
148673,GAZP,3520
148673,HYDR,275000
148673,IRAO,17000
148673,MSNG,35000
148673,MTLR,130
148673,MTSS,20
148673,POLY,20
148673,RASP,4700
148673,RTKM,3590
148673,SBER,-2330
148673,SNGSP,2500
148673,URKA,100
148675,BSPB,700
148675,GAZP,16000
148675,NVTK,300
148678,MOEX,18800
148679,RASP,11450
148679,SVZ7,-100
148680,ROSN,106
148681,AKRN,6
148681,APTK,7650
148681,FEES,580000
148681,GAZP,1200
148681,GMKN,184
148681,IRAO,-32000
148681,LKOH,24
148681,LSRG,442
148681,RTKMP,600
148681,SNGSP,23400
148681,UPRO,11000
148681,URKA,710
148682,SNGS,1000
148682,URKA,27000
148684,RIZ7,-1
148684,BRV7,-5
148685,ALRS,800
148685,CHMF,70
148685,GAZP,570
148685,MTSS,260
148685,ROSN,220
148685,SBER,370
148685,SBERP,400
148685,SNGSP,2300
148685,VTBR,1080000
148687,AGRO,100
148687,ALRS,1000
148687,CHMF,30
148687,FXCN,20
148687,GAZP,3500
148687,LKOH,50
148687,LNTA,500
148687,LSRG,100
148687,MAGN,3000
148687,MFON,50
148687,MOEX,1000
148687,MSNG,25000
148687,MSTT,800
148687,PHOR,10
148687,ROSN,1000
148687,RSTI,50000
148687,RTKM,3000
148687,RUAL,2500
148687,SBER,3500
148687,SNGS,2000
148687,SNGSP,500
148687,UPRO,50000
148688,BANEP,5650
148688,ENRU,4300000
148688,GAZP,15000
148688,GMKN,1
148688,KRKNP,45
148688,MSTT,10140
148688,PHOR,15
148688,ROSN,50
148688,RTKMP,70100
148688,SELGP,1000
148688,SNGSP,218000
148688,UPRO,7270000
148688,VTBR,1e+06
148689,AFKS,1700
148689,AFLT,400
148689,ALRS,1300
148689,BANEP,66
148689,FEES,550000
148689,FXCN,5
148689,FXDE,27
148689,FXGD,91
148689,FXIT,3
148689,FXRL,4
148689,FXRU,18
148689,FXUK,3
148689,FXUS,6
148689,GAZP,370
148689,GMKN,18
148689,HYDR,12000
148689,LSNGP,3000
148689,MAGN,900
148689,MFON,180
148689,MGNT,2
148689,MOEX,180
148689,MRKC,33000
148689,MRKP,80000
148689,MSRS,19000
148689,MSTT,30
148689,MTSS,520
148689,NKNCP,2000
148689,NLMK,290
148689,NMTP,11000
148689,NVTK,60
148689,ROSN,90
148689,RSTI,67000
148689,RSTIP,98000
148689,RTKMP,1800
148689,SBERP,2300
148689,SNGSP,3700
148689,UPRO,46000
148689,VSMO,4
148689,VTBR,750000
148690,AFLT,500
148690,CHMF,50
148690,GAZP,300
148690,GMKN,4
148690,LKOH,17
148690,ROSN,196
148690,SBERP,300
148690,SNGSP,1100
148690,TATNP,260
148692,FXMM,1
148692,Si90000BL7,42
148693,AGRO,222
148693,ALRS,17200
148693,FEES,4740000
148693,MFON,860
148693,NVTK,150
148693,VTBR,3727042
148694,GAZP,730
148694,LKOH,20
148694,ROSN,190
148695,RASP,6860
148696,RI70000BX7,50
148696,RI80000BX7,-34
148696,RI82500BX7,-1
148696,RI87500BX7,-3
148696,RI90000BX7,-5
148696,RI117500BL7,-6
148696,RI120000BL7,-9
148696,RI122500BL7,-3
148696,RI125000BL7,-2
148696,RI130000BL7,52
148696,RI70000BO8,-2
148696,RI80000BO8,-2
148696,RI120000BC8,-4
148697,RIZ7,40
148697,BRV7,50
148698,ALRS,400
148698,MSTT,660
148698,NKNCP,600
148698,SBER,90
148698,SIBN,330
148698,SU24018RMFS2,5
148698,SU24019RMFS0,13
148698,SU26204RMFS6,10
148705,CHMF,20
148705,GAZP,1000
148705,LKOH,40
148705,MOEX,16500
148705,MTLRP,200
148705,MTSS,400
148705,YNDX,20
148706,GAZP,1000
148707,BSPB,240
148707,FEES,140000
148707,GAZP,320
148707,LNTA,32
148707,MOEX,30
148707,MSNG,5
148707,OGKB,8000
148707,RASP,80
148707,SU26219RMFS4,10
148707,SU26220RMFS2,10
148707,TRMK,230
148707,UPRO,3000
148708,EDZ7,-30
148708,AUZ7,-10
148708,CAZ7,10
148709,MTLRP,800
148709,OGKB,20000
148709,RASP,2000
148709,RUAL,1600
148712,ROLO,15000
148712,SBER,-1500
148712,RIZ7,-6
148712,SiZ7,50
148712,GDZ7,15
148713,GAZP,25000
148713,RASP,25000
148713,RUAL,64000
148716,MTLRP,21000
148722,RIZ7,-1
148722,RI92500BX7,-100
148722,RI120000BL7,-1
148722,RI122500BL7,-70
148722,RI125000BL7,-10
148723,EUR_RUB__TOD,3000
148723,USD000000TOD,5000
148724,BRX7,-1
148724,EDZ7,-2
148724,RI105000BL7,-6
148724,RI105000BX7,-3
148724,RI110000BX7,-8
148724,RI112500BL7,-3
148724,RI115000BL7,-5
148724,BR-10.17M260917CA51,-2
148724,BR-10.17M260917CA52,-1
148724,BR-10.17M260917CA56,-2
148724,Si58500BJ7,10
148724,Si59000BJ7,5
148724,Si59000BV7,10
148724,Si62000BJ7,10
148724,BR55BJ7,-2
148724,BR56BJ7,-1
148724,BR51BW7,-2
148724,RTS-12.17M280917PA107500,10
148725,MMZ7,1
148727,ALRS,1600
148727,BSPB,710
148727,GMKN,6
148727,LSRG,50
148727,MOEX,800
148727,NMTP,24000
148727,PRTK,500
148727,SNGSP,700
148729,AFKS,3000
148729,ALRS,700
148729,BSPB,700
148729,GAZP,700
148729,LKOH,20
148729,MAGN,2700
148729,MRKP,2e+05
148729,MRKV,1750000
148729,MSNG,30000
148729,RASP,1000
148729,SBER,300
148729,SU26212RMFS9,100
148733,LKOH,1000
148734,ALRS,50500
148734,NLMK,-15000
148734,NVTK,2000
148734,USD000000TOD,2200000
148735,AFKS,70000
148735,ALRS,2500
148735,SVZ7,166
148735,GDZ7,22
148737,BRV7,510
148739,BRV7,-500
148739,BR-10.17M260917PA54,1600
148739,BR-10.17M260917PA55,400
148740,MXZ7,7
148740,LKZ7,1
148740,CHZ7,1
148740,HYZ7,1
148741,EUR_RUB__TOD,5000
148742,SiZ7,7
148743,AGRO,5
148743,ALRS,300
148743,BANEP,11
148743,CHMF,10
148743,DIXY,50
148743,FEES,120000
148743,GAZP,530
148743,GMKN,5
148743,IRAO,1000
148743,LKOH,3
148743,LSNGP,300
148743,MAGN,600
148743,MFON,20
148743,MOEX,20
148743,MSNG,6000
148743,MSRS,9000
148743,MTLRP,150
148743,MTSS,100
148743,NKNCP,100
148743,PHOR,5
148743,POLY,13
148743,RASP,180
148743,ROSN,20
148743,RSTIP,10000
148743,RTKMP,300
148743,RUAL,500
148743,SNGSP,800
148743,SU25081RMFS9,25
148743,TRMK,80
148743,URKA,40
148743,VTBR,150000
148743,SiZ7,102
148743,GDZ7,7
148743,RI85000BX7,-15
148743,RI125000BL7,-405
148743,USD000000TOD,8000
148744,GAZP,540
148744,LSNGP,8000
148744,SNGSP,600
148747,USD000000TOD,2924
148748,RIZ7,-4
148749,BRV7,-80
148749,PTZ7,10
148750,RIZ7,-2
148750,SiZ7,1
148750,BRV7,-5
148750,GZZ7,-1
148750,SRZ7,-5
148750,RI140000BL7,10
148750,BR-10.17M260917CA56,4
148751,FXGD,16
148751,GAZP,2900
148751,SU24018RMFS2,265
148751,GAZR-9.17,6
148751,GZ11500BV7,-18
148751,GZ12250BV7,-1
148751,GZ12500BV7,-9
148751,GZ13000BJ7,-6
148751,GZ13250BJ7,-3
148751,GZ13500BJ7,-6
148751,GZ15500BJ7,-10
148752,EDZ7,5
148752,ALZ7,6
148752,MTZ7,1
148753,GAZP,10000
148753,MOEX,4040
148753,RASP,3200
148753,RUAL,10100
148754,BRZ7,1
148754,SVZ7,-3
148754,JPZ7,1
148755,BRV7,-12
148756,AFKS,2300
148756,AGRO,70
148756,LNTA,20
148756,MOEX,1000
148756,MTLR,1003
148756,RUAL,400
148757,BANEP,100
148757,ROSN,1000
148757,RUAL,4700
148758,SiZ7,1
148758,BRV7,-25
148759,RIZ7,-90
148759,SiZ7,150
148759,BRZ7,-80
148761,AFKS,1000
148761,AGRO,100
148761,ALRS,2000
148761,GAZP,600
148761,GMKN,15
148761,LKOH,40
148761,LNTA,100
148761,LSNGP,1000
148761,MFON,120
148761,MOEX,2000
148761,MTSS,100
148761,NVTK,100
148761,PHOR,80
148761,POLY,200
148761,ROSN,200
148761,RTKM,200
148761,SNGSP,6000
148761,SU24018RMFS2,250
148761,SU26207RMFS9,100
148761,SU26212RMFS9,50
148761,VTBR,1e+06
148765,SiZ7,-66
148765,Si57000BJ7,-51
148765,Si58000BJ7,-5
148765,Si58500BJ7,-111
148765,Si59000BJ7,-29
148765,Si59000BV7,-27
148765,Si60000BV7,-185
148765,Si-12.17M280917CA58500,-7
148766,AFKS,1000
148766,ALRS,300
148766,BSPB,200
148766,FEES,1e+05
148766,GAZP,250
148766,HYDR,10000
148766,MOEX,200
148766,ROSN,108
148766,RSTIP,25000
148766,RTKMP,400
148766,TATNP,100
148766,VTBR,1100000
148767,AGRO,95
148767,BSPB,450
148767,FEES,450000
148767,GAZP,550
148767,MOEX,320
148767,ROSN,300
148767,SBER,500
148768,MTLR,450
148770,GAZP,4720
148771,RI90000BX7,10
148771,RI120000BL7,-10
148771,RI122500BL7,-20
148771,RI125000BL7,-30
148771,RI127500BL7,5
148772,SiZ7,54
148773,FEES,9e+06
148773,GMKN,70
148773,MTLR,6000
148773,PHOR,350
148773,RTKM,3000
148774,VBZ7,2
148775,RTKMP,27000
148777,GAZP,1000
148777,HYDR,5e+05
148777,OGKB,1e+05
148777,GZZ7,120
148778,SiZ7,10
148778,USD000000TOD,7
148782,GAZP,13000
148782,MOEX,22500
148782,BRV7,-30
148786,SiZ7,137
148787,AFKS,1000
148787,ALRS,19500
148787,FEES,510000
148787,FXGD,26
148787,GAZP,1910
148787,GMKN,16
148787,LKOH,25
148787,MFON,100
148787,MTLRP,510
148787,MTSS,70
148787,NMTP,11000
148787,OFCB,22
148787,SNGSP,2200
148787,SiZ7,20
148788,AFLT,19600
148788,AKRN,829
148788,GCHE,652
148788,GMKN,106
148788,HYDR,680000
148788,MOEX,6800
148788,MSTT,27080
148788,MTSS,2070
148788,NLMK,12130
148788,NMTP,37000
148788,PHOR,42
148788,PLZL,562
148788,RSTIP,1380000
148788,RTKMP,4400
148788,VSMO,454
148789,AFKS,1400
148789,AFLT,100
148789,AGRO,8
148789,ALRS,500
148789,BANE,1
148789,BANEP,2
148789,CHMF,10
148789,GAZP,1230
148789,GMKN,8
148789,LKOH,2
148789,LNTA,5
148789,MFON,50
148789,MOEX,100
148789,MTSS,50
148789,NKNCP,200
148789,PHOR,17
148789,POLY,21
148789,PRTK,100
148789,RTKM,1120
148789,RTKMP,300
148790,GDZ7,-80
148790,PTZ7,80
148791,MSRS,1000
148791,MSTT,70100
148791,TRCN,220
148794,BSPB,110
148794,HYDR,23000
148795,GZZ7,-20
148796,SiZ7,2
148797,AFKS,3000
148797,ALRS,3500
148797,APTK,5030
148797,FEES,1630000
148797,GAZP,7890
148797,HYDR,155000
148797,IRAO,548080
148797,MFON,650
148797,MGNT,51
148797,MSNG,85000
148797,MTLR,286
148797,NLMK,4280
148797,OGKB,330968
148797,PRTK,12300
148797,RASP,3040
148797,RBCM,20000
148797,ROSN,1650
148797,RSTI,125000
148797,RTKM,1340
148797,RTKMP,5000
148797,SVAV,170
148797,TRMK,1100
148797,URKA,1130
148797,VTBR,59010000
148801,GAZP,40000
148801,GMKN,550
148801,GRNT,3e+05
148801,HYDR,5e+06
148801,MTLRP,2000
148801,PRFN,50000
148801,RASP,25000
148802,CHMF,1500
148802,GAZP,5000
148802,SBER,-3000
148803,GZZ7,7
148804,BRV7,-1
148804,SRZ7,-1
148805,AFLT,100
148805,CHMF,50
148805,GMKN,95
148805,LSRG,38
148805,MRKV,60000
148805,SIBN,10
148805,SU29006RMFS2,37
148809,IRAO,695400
148809,RSTIP,28200
148811,AGRO,25
148811,ALRS,300
148811,KRKNP,5
148811,NKNCP,500
148811,PHOR,10
148811,ROSN,160
148811,RTKM,600
148811,RTKMP,1000
148811,SNGSP,1800
148811,UPRO,18000
148811,URKA,300
148812,GTLC,10000
148812,MGNT,9
148813,AFLT,100
148813,BSPB,210
148813,ENRU,17000
148813,GMKN,10
148813,LSRG,5
148813,MAGN,900
148813,MSTT,240
148813,NLMK,160
148813,OGKB,50000
148813,RUAL,200
148813,SBER,110
148813,SBERP,300
148813,SIBN,200
148814,ALRS,200
148814,MGNT,-2
148814,NVTK,30
148814,PRTK,200
148814,SBERP,-100
148815,AFKS,1400
148815,DASB,30000
148815,FESH,2500
148815,KMAZ,300
148815,LKOH,40
148815,RSTI,25000
148815,RTKM,300
148815,TGKO,7100
148815,TRMK,330
148816,MXZ7,-5
148820,APTK,2170
148820,AVAZP,61700
148820,GTLC,280000
148820,HYDR,227000
148820,IRAO,120000
148820,MRKV,4155937
148820,MSNG,227000
148820,MTLRP,8070
148820,RBCM,26400
148820,SNGSP,19000
148821,AKRN,150
148821,MOEX,4650
148821,PLZL,110
148823,GAZP,180
148824,FESH,2053400
148825,SiZ7,1
148825,BRV7,-3
148825,BRX7,-1
148826,FEES,470000
148826,GAZP,430
148826,LNTA,104
148826,LSRG,53
148826,RSTI,40000
148826,UPRO,17000
148826,GDZ7,2
148827,AFKS,300
148827,AFLT,100
148827,FEES,390000
148827,GAZP,890
148827,GMKN,5
148827,HYDR,140000
148827,MTSS,30
148827,NLMK,280
148827,NVTK,60
148827,ROSN,270
148827,RSTI,34000
148827,RTKM,390
148827,SNGS,1800
148827,SNGSP,3500
148827,TRMK,1830
148827,UPRO,32000
148827,URKA,490
148827,VTBR,490000
148827,SiZ7,19
148827,BRV7,-4
148827,SRZ7,-72
148827,SVZ7,25
148827,GDZ7,1
148827,GMZ7,-1
148829,RIZ7,-26
148829,BRV7,-2
148830,ALRS,200
148830,GAZP,310
148831,GMKN,20
148833,BR53BV7,100
148833,BR54BV7,100
148833,BR55BV7,100
148834,SiZ7,-80
148834,GDZ7,-20
148839,BRV7,-10
148840,AKRN,3
148840,GAZP,2000
148840,GMKN,25
148840,SNGSP,3200
148841,FXMM,75
148841,GAZP,11800
148848,HYDR,1000
148848,MFON,2450
148848,NLMK,20000
148848,PHOR,1
148848,RGSS,1000
148848,RTKM,10
148848,RTKMP,18400
148848,VTBR,10000
148849,GAZP,1000
148849,HYDR,1e+05
148849,RSTI,170000
148849,RTKM,500
148849,RTKMP,1000
148868,AGRO,140
148868,ALRS,800
148868,FEES,330000
148868,MOEX,850
148868,RASP,560
148868,RTKM,740
148868,RTKMP,900
148868,SNGSP,2700
148868,TGKA,7200000
148869,SRZ7,220
148869,SR18000BV7,218
148870,GDZ7,-12
148871,GAZP,100
148871,SNGSP,400
148871,VTBR,150000
148871,YNDX,14
148874,ENRU,80000
148874,GMKN,25
148874,NMTP,14000
148874,VSMO,1
148874,RIZ7,1
148874,SiZ7,5
148874,BRV7,1
148874,GDZ7,1
148874,EDZ7,-1
148874,AUZ7,2
148874,GUZ7,1
148874,JPZ7,5
148875,BANEP,5000
148875,ENRU,8154000
148877,USD000000TOD,-55000
148882,BRV7,-100
148884,FESH,113000
148885,RIZ7,4
148885,SiZ7,-7
148887,MAGN,20
148887,MSNG,15
148887,OGKB,160
148887,PHOR,25
148887,PLZL,12
148887,RASP,325
148888,SiZ7,34
148888,GDZ7,10
148891,RIZ7,6
148891,SiZ7,12
148891,GZZ7,58
148891,SRZ7,38
148892,RIZ7,-6
148892,RTS-12.17M280917CA115000,10
148894,RIZ7,2
148895,RIZ7,-17
148895,SiZ7,23
148895,BRV7,175
148895,GDZ7,25
148896,SRZ7,12
148897,SiZ7,-1
148897,BRV7,-45
148898,ALRS,100
148898,BSPB,90
148898,FEES,20000
148898,GAZP,10
148898,GMKN,1
148898,HYDR,2000
148898,IRAO,1000
148898,KRKNP,2
148898,LSNGP,300
148898,MAGN,700
148898,MRKP,1e+05
148898,MRKV,250000
148898,MSNG,6000
148898,MSTT,500
148898,MTLRP,80
148898,PHOR,2
148898,PLZL,3
148898,RASP,130
148898,RUAL,400
148898,SBERP,100
148898,SNGSP,200
148898,YNDX,4
148899,RIZ7,6
148899,BRV7,-24
148899,SVZ7,80
148899,GDZ7,-10
148903,SBER,-74
148905,AFKS,1000
148905,ALRS,2500
148905,BANEP,150
148905,CHMF,220
148905,DIXY,350
148905,GAZP,2200
148905,GMKN,25
148905,HYDR,1e+05
148905,LKOH,70
148905,LSNGP,1000
148905,MAGN,6000
148905,MSNG,1e+05
148905,MSTT,600
148905,MTSS,600
148905,MVID,150
148905,NLMK,1000
148905,NMTP,20000
148905,OGKB,2e+05
148905,PHOR,70
148905,PLZL,10
148905,RASP,2500
148905,RSTI,150000
148905,SBERP,1900
148905,UPRO,70000
148909,BRV7,3
148909,SRZ7,-7
148910,SVZ7,135
148910,JPZ7,-40
148911,BRV7,-900
148912,AGRO,1330
148912,FESH,310000
148912,GAZP,14500
148912,HYDR,1200000
148912,MSRS,460000
148912,MTLR,6500
148912,MTLRP,8600
148912,OGKB,2200000
148912,RSTI,1100000
148912,BRV7,55
148912,GZZ7,100
148912,SRZ7,25
148913,NVTK,15
148913,SNGS,20
148914,RIZ7,-4
148914,SRZ7,-60
148916,GUZ7,-37
148917,SiZ7,-2
148918,GDZ7,-45
148957,AFKS,800
148957,ALRS,300
148957,BSPB,500
148957,GMKN,3
148957,LKOH,10
148957,LSNGP,1500
148957,LSRG,32
148957,MRKC,1e+05
148957,MRKV,1500000
148957,MTSS,170
148957,PIKK,110
148957,SIBN,140
148959,RIZ7,-2
148959,BRV7,-2
148959,SRZ7,-8
148959,EDZ7,-4
148968,AFLT,5000
148968,FEES,6e+06
148968,GAZP,9000
148968,IRAO,1e+05
148968,PHOR,517
148968,ROSN,5000
148968,RSTI,1160000
148968,BRV7,2200
148973,SiZ7,45
149030,MOEX,100
149030,SU29006RMFS2,1
149030,SU29011RMFS2,2
149030,TAER,510
149030,SRZ7,2
149031,GAZP,1243
149031,LKOH,214
149031,CNY000000TOD,213
149031,EUR_RUB__TOD,14214
149033,CNY000000TOD,1000
149033,EUR_RUB__TOD,1000
149033,USD000000TOD,1000
149034,MFON,10
149034,SBER,10
149034,EUR_RUB__TOD,1000
149034,USD000000TOD,1000
149035,FESH,134100
149039,SRZ7,1
149040,VTBR,7600000
149040,GZZ7,40
149042,SiZ7,140
149042,SVH8,10
149042,Si65000BL7,10
149042,Si70000BL7,60
149042,Si70000BJ7,200
149042,Si-12.17M280917CA60000,30
149042,Si-12.17M280917CA61000,50
149044,BRX7,1
149045,MMZ7,-18
149045,GUZ7,-1
149045,Si60000BJ7,10
149045,Si60500BJ7,5
149045,Si61000BJ7,10
149046,NLMK,60000
149047,MTLRP,14000
149049,GAZP,1000
149050,FEES,1e+07
149050,MTLR,14000
149050,MTLRP,7000
149050,RSTIP,4e+05
149051,RIZ7,-1
149053,RIZ7,6
149053,SiZ7,9
149053,GDZ7,5
149054,ALRS,1000
149054,FEES,5e+05
149054,GAZP,1000
149054,GMKN,12
149054,LNTA,101
149054,MFON,70
149054,MOEX,900
149054,MTLR,768
149054,RSTI,72000
149054,RTKM,1680
149054,SBER,600
149054,TRNFP,1
149054,YNDX,50
149055,BANE,8
149056,SRZ7,-2
149057,APTK,10000
149057,GAZP,8000
149057,GMKN,70
149057,GRNT,2e+05
149057,HYDR,3e+05
149057,MTLRP,1000
149057,ROLO,20000
149058,AFKS,17400
149058,RASP,1580
149058,VTBR,3960000
149060,OGKB,534000
149061,ALRS,800
149061,GAZP,500
149061,LKOH,18
149061,LSRG,65
149061,MTSS,260
149061,RTKMP,1200
149061,UPRO,23000
149062,GDZ7,-1
149064,BRV7,-220
149064,SRZ7,-20
149065,RIZ7,41
149067,SRZ7,28
149069,GAZP,5700
149071,MAGN,1500
149071,RASP,1000
149071,RUAL,1000
149071,SNGSP,1500
149073,AFKS,300
149073,APTK,100
149073,FEES,10000
149073,GRNT,7000
149073,GTLC,17000
149073,MTLR,5191
149073,MTLRP,50
149073,PRFN,2000
149073,RASP,10
149073,RGSS,10000
149073,ROLO,3000
149073,TAER,31160
149073,TGKO,10000
149074,BANEP,223
149074,FEES,60000
149074,GAZP,4270
149074,GMKN,70
149074,LNTA,4
149074,MFON,600
149074,MTLR,80
149074,MTSS,1190
149074,RSTI,118000
149074,RTKM,1800
149074,UPRO,147000
149074,VTBR,1500000
149074,SVZ7,-4
149080,SRZ7,-15
149080,SPZ7,20
149081,SRZ7,20
149082,SRZ7,-8
149084,SiZ7,5
149084,EuZ7,-15
149087,APTK,9000
149087,GAZP,200
149087,MFON,20
149087,MOEX,100
149087,MVID,20
149087,NVTK,20
149087,RBCM,4000
149087,RTKM,800
149087,SNGS,800
149087,SNGSP,600
149087,TAER,32000
149087,URKA,100
149087,GDZ7,1
149087,BR-10.17M260917CA52,-2
149087,BR-10.17M260917CA53,-2
149088,FEES,5e+06
149089,AFKS,2000
149089,SNGSP,14000
149090,ALRS,5900
149090,MAGN,2000
149090,TATN,-570
149091,ALRS,10000
149091,CHMF,650
149091,GMKN,5
149091,GTLC,2e+05
149091,HYDR,4e+05
149091,MOEX,4000
149091,MTSS,2000
149092,BANEP,1
149092,MTSS,-10910
149092,SBER,10
149093,AKRN,69
149093,ALRS,800
149093,BANEP,75
149093,BSPB,480
149093,CHMF,270
149093,GAZP,1580
149093,GMKN,23
149093,HYDR,50000
149093,MFON,220
149093,MOEX,580
149093,MRKP,10000
149093,MSTT,20
149093,MTLRP,140
149093,MTSS,80
149093,NKNCP,4700
149093,NLMK,470
149093,PHOR,29
149093,ROSN,350
149093,SBERP,100
149093,SNGSP,7300
149094,AFKS,7000
149094,GAZP,1000
149094,LSRG,50
149094,MTLR,1500
149094,OGKB,250000
149094,RSTI,1e+05
149094,TGKA,5e+06
149094,VTBR,2e+06
149095,BSPB,900
149096,FXRB,213
149097,SU24018RMFS2,1285
149098,SiZ7,7
149099,GAZP,4070
149099,RTKM,1070
149100,Si61000BJ7,260
149100,Si61500BJ7,155
149101,AFKS,1200
149101,GAZP,600
149101,RSTIP,7000
149101,SBER,-4750
149101,SNGS,300
149102,VTBR,6500000
149103,SBER,-15000
149104,MAGN,113000
149104,RASP,76090
149105,SiZ7,223
149106,VTBR,2.4e+08
149107,GAZP,14700
149107,MSTT,5900
149107,NKNCP,32300
149107,PRTK,3700
149107,SIBN,700
149107,SNGSP,34000
149109,RIZ7,-4
149109,BRV7,-15
149109,RTS-12.17M280917PA110000,10
149111,GAZP,10000
149112,GMKN,20
149112,LKOH,100
149112,ROSN,500
149112,SRZ7,-195
149113,AFLT,600
149113,AKRN,16
149113,CHMF,130
149113,DIXY,280
149113,GAZP,1000
149113,LKOH,80
149113,LNTA,326
149113,MAGN,-1400
149113,MSNG,40000
149113,MSTT,540
149113,MTSS,250
149113,MVID,210
149113,NKNCP,1200
149113,NLMK,-450
149113,RASP,1360
149113,RBCM,15700
149113,ROSN,190
149113,RSTI,109000
149113,RSTIP,31000
149113,RTKM,-250
149113,RUAL,1420
149113,SBER,640
149113,SNGSP,1300
149113,TATN,40
149113,YNDX,63
149114,MOEX,12000
149115,SNGSP,55000
149115,VTBR,4764
149116,ALRS,10000
149116,FEES,5500000
149116,RTKM,12040
149118,MTSS,20
149119,AFKS,10000
149119,AFLT,4500
149119,HYDR,173000
149119,ROSN,50
149119,UNAC,8e+05
149119,VTBR,4900000
149120,RTKM,130
149120,SNGSP,200
149120,VTBR,70000
149121,LKOH,-75
149121,SBER,-100
149121,BRV7,-1
149122,SiZ7,-130
149122,GZZ7,580
149123,GAZP,9450
149123,KRKNP,74
149124,CHMF,10
149124,GAZP,360
149124,MGNT,5
149124,MTSS,220
149124,NLMK,260
149124,ROSN,90
149124,SBER,200
149124,TRMK,1020
149124,VTBR,7e+05
149125,CHMF,100
149125,SU26221RMFS0,310
149127,ALRS,200
149127,GAZP,300
149127,MFON,30
149127,SBER,100
149129,SRZ7,839
149130,FEES,1e+06
149130,RASP,5000
149130,VTBR,10000
149131,PRFN,165000
149134,SRZ7,-93
149135,SiZ7,-500
149137,EUR_RUB__TOD,5000
149137,USD000000TOD,60000
149139,AFKS,800
149139,CHMF,20
149139,IRAO,6000
149139,LKOH,12
149139,LSRG,32
149139,MOEX,200
149139,NKNCP,200
149139,NLMK,150
149139,PRTK,300
149139,RSTI,11000
149139,RSTIP,10000
149139,SU26220RMFS2,10
149139,SU29006RMFS2,5
149140,DIXY,110
149140,GCHE,40
149140,KMAZ,1200
149140,LNTA,61
149140,SBER,300
149140,UNAC,80000
149140,VSMO,2
149140,YNDX,37
149142,AFLT,100
149142,IRAO,5000
149142,OFCB,7
149142,SBER,60
149142,SBERP,100
149146,AFKS,8000
149146,MAGN,5000
149146,MSNG,50000
149146,NVTK,200
149146,OGKB,350000
149146,PHOR,50
149146,POLY,250
149146,RUAL,2400
149147,GAZP,2540
149147,HYDR,56000
149147,LKOH,28
149147,RTKM,1210
149147,SNGS,2000
149147,SNGSP,3000
149147,VTBR,235000
149149,Si70000BL7,-1
149149,Si72000BL7,-9
149149,BR-10.17M260917PA47,-2
149149,BR-10.17M260917PA48,-2
149149,BR-10.17M260917PA49,-1
149149,BR-10.17M260917CA55,-1
149149,BR-10.17M260917CA56,-1
149149,BR-10.17M260917CA57,-1
149149,SR16500BX7,-10
149149,Si58000BW7,-1
149149,RTS-12.17M280917PA100000,-10
149149,RTS-12.17M280917PA102500,-10
149149,Si-12.17M280917CA60000,-10
149150,AFKS,10000
149150,BSPB,2000
149150,FEES,270000
149150,GAZP,250
149150,LNTA,150
149150,MRKC,150000
149150,MTLRP,500
149150,POLY,46
149150,RTKMP,800
149150,RUAL,4500
149150,SNGSP,2000
149150,UPRO,20000
149152,PTZ7,20
149152,BR-10.17M260917CA60,200
149153,RIZ7,15
149153,SiZ7,-1
149153,SRZ7,25
149154,BANE,1
149154,FEES,10000
149154,GAZP,10
149154,HYDR,2000
149154,LKOH,1
149154,MFON,10
149154,MOEX,30
149154,RSTI,16000
149154,RTKM,370
149154,UPRO,1000
149154,URKA,10
149154,VTBR,230000
149154,RIZ7,-1
149154,SiZ7,1
149154,SRZ7,-2
149154,PTZ7,1
149155,BRV7,-200
149157,AFKS,30
149157,ALRS,4
149157,LSNGP,2
149157,RSTI,-30
149157,VTBR,80
149158,MAGN,50000
149158,MTLR,1800
149158,RASP,6000
149158,USD000000TOD,8000
149160,AFKS,3200
149160,AKRN,5
149160,ALRS,400
149160,MOEX,230
149160,SBER,110
149160,SELGP,1700
149160,YNDX,12
149160,RIZ7,5
149161,AKRN,8
149161,BANEP,27
149161,MGNT,1
149161,MVID,4
149163,GMKN,28
149163,MOEX,40
149163,MSTT,1200
149164,AFKS,11200
149164,AGRO,211
149164,ALRS,2400
149164,APTK,14600
149164,BANEP,118
149164,GMKN,34
149164,MTSS,410
149164,RTKM,1850
149164,SNGSP,6700
149165,MRKC,88000
149165,MRKP,1670000
149165,MRKV,1750000
149165,MTLR,300
149165,MTLRP,1990
149165,OGKB,80000
149165,PRFN,3000
149165,RASP,2430
149166,GMKN,209
149166,GMKR-9.17,20
149166,GMZ7,2
149168,RIZ7,-1
149168,GZZ7,-1
149168,RI100000BJ7,-1
149168,RI105000BJ7,-1
149169,SiZ7,649
149169,Si55000BV7,984
149171,EDZ7,-341
149173,SiZ7,120
149174,GAZP,36810
149174,GMKN,110
149175,AFLT,600
149175,ALRS,-4000
149176,AFKS,1600
149176,AGRO,33
149176,BSPB,410
149176,DIXY,130
149176,GAZP,270
149176,MFON,70
149176,ROSN,90
149176,RSTI,34000
149176,RTKM,480
149176,SBER,50
149176,SIBN,30
149176,SNGSP,1000
149182,RIZ7,-6
149187,MXZ7,-2
149187,GZZ7,-5
149187,SRZ7,-55
149189,ACKO,31000
149191,RIZ7,-20
149193,GAZP,1930
149193,GMKN,10
149195,AGRO,76
149195,ALRS,900
149195,BANEP,30
149195,BSPB,500
149195,GAZP,100
149195,GMKN,10
149195,IRAO,24000
149195,LKOH,5
149195,MOEX,900
149195,MTSS,330
149195,PRTK,600
149195,SU25081RMFS9,2
149196,GMKN,5
149196,MTLRP,750
149197,RIZ7,-43
149198,SiZ7,-2
149203,PHOR,195
149209,BANEP,180
149209,FEES,5e+05
149209,GMKN,40
149209,KRKNP,1
149209,LSRG,16
149209,MOEX,900
149211,EDZ7,-49
149212,BRV7,76
149215,GAZP,1e+05
149215,ROSN,40000
149219,ENRU,80000
149219,GMKN,25
149219,NMTP,14000
149219,VSMO,1
149219,EDZ7,-2
149219,ALZ7,-2
149219,MEZ7,-4
149221,EDZ7,-50
149222,SiZ7,-4
149223,SNGS,8000
149223,URKA,6000
149224,AFLT,500
149224,GAZP,3000
149225,RIZ7,-1
149225,MMZ7,-10
149226,MTLR,650
149226,MTLRP,2050
149226,PLZL,25
149226,RUAL,5200
149226,URKA,350
149230,RI90000BX7,-85
149230,RI95000BX7,-30
149230,RI120000BL7,-52
149230,RI122500BL7,-25
149231,RIZ7,-10
149231,BRV7,-36
149234,RIZ7,17
149234,SiZ7,-18
149234,EuZ7,-31
149234,SRZ7,86
149235,ALRS,2000
149235,BANEP,50
149235,CHMF,10
149235,FEES,4e+05
149235,GAZP,500
149235,GMKN,40
149235,IRAO,20000
149235,ROSN,400
149235,VTBR,1e+06
149235,SiZ7,3
149235,BRV7,-40
149235,EDZ7,-5
149236,SRZ7,10
149236,GMZ7,1
149237,SRZ7,22
149237,GMZ7,2
149240,SiZ7,120
149240,BRV7,-20
149240,SVZ7,50
149240,SPZ7,-100
149241,SiZ7,10
149241,BRV7,-60
149242,BRV7,-5
149242,BR-10.17M260917PA53,5
149243,LKZ7,-60
149243,GDZ7,100
149244,SiZ7,15
149244,BRV7,-55
149245,SRZ7,-25
149250,RIZ7,6
149250,SiZ7,40
149250,Si63000BL7,-40
149253,GZZ7,-7
149256,RIZ7,1
149256,SRZ7,2
149256,GDZ7,-7
149259,RSTI,5e+06
149260,BRV7,80
149260,GDZ7,-1
149264,AGRO,25
149264,BANEP,80
149264,BSPB,1600
149264,EPLN,150
149264,FXGD,100
149264,FXIT,10
149264,FXUS,10
149264,GAZP,700
149264,GMKN,10
149264,KRKNP,6
149264,LNTA,300
149264,MTSS,800
149264,SBER,700
149264,SIBN,500
149264,UPRO,20000
149267,TGKO,100
149268,RIZ7,-1
149268,SiZ7,12
149270,PRFN,72000
149272,SiZ7,35
149274,ALRS,9700
149274,BANEP,1
149274,GAZP,100
149274,MFON,40
149276,RASP,580
149277,CHMF,40
149277,MTLR,29
149277,SBER,140
149278,BRV7,-20
149279,MMZ7,-3
149281,AFKS,500
149281,AGRO,30
149281,BANEP,36
149281,FXDE,21
149281,FXGD,77
149281,FXIT,11
149281,FXRU,21
149281,GAZP,950
149281,GMKN,4
149281,LKOH,17
149281,LNTA,57
149281,LSRG,8
149281,MAGN,600
149281,MGNT,3
149281,MOEX,250
149281,NKNCP,900
149281,NVTK,60
149281,PHOR,8
149281,POLY,16
149281,ROSN,150
149281,RUAL,300
149281,SBER,590
149281,SNGSP,1100
149281,TATNP,40
149281,VSMO,1
149281,YNDX,8
149282,ALRS,1000
149282,HYDR,190000
149282,MSNG,18000
149282,MTLRP,1830
149282,MTSS,300
149282,ODVA,421000
149282,TAER,17000
149282,TATN,90
149283,CHMF,270
149283,GAZP,660
149283,ROSN,320
149284,CHMF,1600
149284,IRAO,22000
149284,SU24018RMFS2,22
149284,TRNFP,1
149285,RIZ7,-25
149286,RIZ7,-70
149288,SU29006RMFS2,65
149288,GZZ7,2
149288,SRZ7,-2
149288,PTZ7,1
149288,VBZ7,-3
149288,MTZ7,-2
149288,SNZ7,2
149288,NKZ7,-1
149289,BRV7,-34
149290,ALRS,300
149290,IRAO,5000
149290,LKOH,5
149290,MGNT,2
149290,MOEX,100
149290,NLMK,200
149290,SBER,200
149290,SIBN,100
149291,BRV7,20
149295,SRZ7,-180
149297,AFKS,1500
149297,AGRO,17
149297,ALRS,500
149297,BSPB,270
149297,DSKY,150
149297,FEES,110000
149297,GAZP,510
149297,IRAO,3000
149297,LKOH,10
149297,LSRG,18
149297,MAGN,300
149297,MFON,70
149297,MOEX,370
149297,MSTT,80
149297,MTSS,130
149297,NLMK,50
149297,NVTK,80
149297,OFCB,8
149297,POLY,73
149297,QIWI,20
149297,ROSN,80
149297,RTKM,1570
149297,RTKMP,200
149297,RUAL,250
149297,SBER,70
149297,SU24018RMFS2,150
149297,SU24019RMFS0,100
149297,UPRO,3000
149297,URKA,90
149297,YNDX,5
149297,SiZ7,23
149297,CNY000000TOD,42000
149297,USD000000TOD,20000
149298,AGRO,155
149298,GAZP,4000
149298,NLMK,-2500
149298,POLY,160
149298,ROSN,1910
149298,RSTI,285000
149301,BRV7,-17
149302,GAZP,1350
149303,RIZ7,50
149304,SVZ7,40
149305,GAZP,1000
149305,MFON,10
149305,MOEX,790
149305,PRTK,300
149305,SIBN,70
149305,SNGS,300
149305,SNGSP,1600
149306,GMKN,120
149306,MFON,790
149306,PHOR,140
149306,SBER,1500
149306,EUR_RUB__TOD,3000
149307,BRV7,-50
149307,SRZ7,-565
149307,SVZ7,200
149307,TTZ7,-20
149308,AGRO,949
149308,GAZP,18860
149310,FEES,4020000
149310,KRKNP,27
149310,MRKV,2240000
149310,MSNG,83000
149310,MSTT,4250
149310,NKNCP,3800
149310,RUAL,7100
149312,EUR_RUB__TOD,7000
149313,AFKS,200
149313,ALRS,100
149313,FEES,50000
149313,GMKN,1
149313,MRKC,34000
149313,MRKP,40000
149313,MRKV,260000
149313,MSNG,4000
149313,MTLR,15
149313,MTLRP,650
149313,NMTP,2000
149313,NVTK,10
149313,PHOR,5
149313,PLZL,1
149313,POLY,5
149313,RASP,400
149313,RUAL,450
149313,SELGP,100
149313,TRCN,2
149313,VSMO,1
149315,GAZP,300
149315,GMKN,6
149315,LKOH,12
149315,MFON,80
149315,MTSS,150
149315,RSTI,25000
149315,RUAL,1500
149315,SBERP,100
149315,YNDX,10
149316,RIZ7,-9
149316,MXZ7,-5
149316,GZZ7,-25
149316,SRZ7,-100
149316,CHZ7,-1
149316,GMZ7,-1
149316,TTZ7,-2
149316,MTZ7,-1
149317,VBZ7,1
149319,USD000000TOD,15000
149321,AGRO,10
149321,ALRS,200
149321,BSPB,600
149321,GAZP,170
149321,OGKB,19000
149321,PHOR,4
149321,POLY,16
149321,QIWI,9
149321,SNGSP,200
149321,UPRO,5000
149322,EUR_RUB__TOD,1000
149322,USD000000TOD,6000
149324,BRV7,-22
149328,BRV7,-50
149331,TAER,210
149331,Si-12.17M280917CA59250,110
149333,ALRS,300
149333,BANEP,4
149333,BSPB,190
149333,FEES,10000
149333,LKOH,1
149333,LNTA,4
149333,LSRG,9
149333,MTLRP,90
149333,RSTIP,6000
149333,RTKMP,200
149333,SBER,80
149333,SNGSP,100
149333,SU29011RMFS2,2
149333,SU29012RMFS0,5
149333,RIZ7,-2
149333,SiZ7,10
149334,BRV7,47
149336,APTK,5100
149336,GRNT,51000
149336,GTLC,111000
149336,MTLR,1000
149336,PHOR,98
149336,TGKO,5000
149337,AFKS,1000
149337,ALRS,300
149337,FEES,90000
149337,GAZP,170
149337,GMKN,2
149337,LKOH,6
149337,MFON,10
149337,MTSS,60
149337,NMTP,2000
149337,ROSN,60
149337,RTKMP,400
149337,SBER,60
149337,SBERP,100
149337,SNGS,200
149337,SNGSP,300
149337,SU24018RMFS2,10
149337,SU26210RMFS3,50
149337,UPRO,7000
149337,VSMO,1
149341,SiZ7,-5
149341,MMZ7,-3
149341,MXZ7,-1
149341,GZZ7,13
149341,LKZ7,-5
149341,RNZ7,-3
149341,SRZ7,-8
149341,VBZ7,-4
149341,SR11000BX7,-1
149341,SR20000BL7,-42
149341,SR21000BL7,-58
149341,SR22000BL7,-31
149342,SiZ7,-150
149344,RIZ7,-1
149345,BRV7,-300
149351,ALRS,600
149351,CHMF,40
149351,FEES,230000
149351,GAZP,260
149351,SNGSP,1500
149352,VTBR,3456
149353,BANEP,141
149353,MFON,10
149353,PRTK,100
149353,RSTI,1000
149353,RTKMP,500
149353,SIBN,180
149353,TATN,10
149354,SNGSP,18900
149357,AFKS,4500
149357,MAGN,1600
149357,MRKC,50000
149357,POLY,4574
149357,TGKO,10000
149359,SNGS,7000
149359,SiZ7,16
149360,SiZ7,-219
149361,AFKS,85700
149363,MTLR,1
149363,TAER,30
149364,SU29011RMFS2,10
149366,ALRS,4300
149366,VTBR,6900000
149367,SNGSP,385000
149368,URKA,5
149368,SiZ7,18
149370,APTK,4400
149370,KMAZ,2300
149370,MTLR,465
149370,ROSN,150
149370,VTBR,780000
149372,AFKS,5000
149372,APTK,1700
149372,GAZP,47610
149372,MSNG,3e+05
149372,MSTT,830
149372,OGKB,539
149372,RBCM,1300
149372,SNGSP,3300
149373,AFLT,108000
149373,SBER,52000
149374,GAZP,120
149374,GMKN,1
149374,MGNT,-1
149374,MSNG,15000
149374,NLMK,-110
149374,OGKB,34000
149374,RTKM,210
149374,SBER,70
149374,SNGSP,500
149374,URKA,100
149374,YNDX,7
149375,AFKS,7000
149375,AGRO,150
149375,ALRS,500
149375,BANEP,80
149375,BSPB,1000
149375,GAZP,1000
149375,GTLC,1e+05
149375,HYDR,50000
149375,LKOH,20
149375,LNTA,200
149375,LSRG,100
149375,MFON,50
149375,MGNT,3
149375,MSRS,50000
149375,NVTK,200
149375,ODVA,120000
149375,PHOR,20
149375,PLZL,7
149375,POLY,100
149375,PRFN,25000
149375,ROSN,300
149375,RSTIP,30000
149375,RTKM,800
149375,RTKMP,2000
149375,SNGSP,2000
149375,TRMK,1000
149375,UPRO,40000
149375,VTBR,5e+05
149376,AFLT,7500
149376,SBER,-80000
149379,BANEP,500
149379,CHMF,600
149379,GMKN,12
149379,HYDR,220000
149379,KRKNP,15
149379,PHOR,25
149379,QIWI,172
149379,RUAL,10000
149379,SU24019RMFS0,549
149379,TRMK,10000
149381,SBERP,-4500
149381,Si56000BX7,20
149381,Si70000BL7,279
149381,Si75000BL7,600
149381,Si80000BL7,100
149381,RI75000BX7,132
149381,RI80000BX7,200
149381,Si63000BJ7,10
149381,Si63500BJ7,5
149381,Si64000BJ7,5
149381,RI82500BV7,200
149381,RI85000BV7,125
149381,RI100000BV7,100
149383,NVTK,400
149383,SNGS,7800
149383,SNGSP,3800
149383,TATN,250
149383,BRV7,8
149384,FXMM,2750
149384,SU24018RMFS2,1000
149384,BRV7,210
149384,EDZ7,95
149385,SU29006RMFS2,1000
149389,SiZ7,-14
149390,RIZ7,-63
149394,SRZ7,1
149400,MTLRP,5060
149411,GDZ7,16
149414,USD000000TOD,10000
149417,MGNT,380
149497,SiZ7,6
149497,SRZ7,28
149497,SPZ7,-42
149498,RIZ7,5
149498,SiZ7,40
149498,BRX7,-21
149501,SiZ7,-20
149512,ALRS,2500
149514,Si-12.17M280917PA58000,53
149515,BRV7,-1
149515,SVZ7,3
149515,SPZ7,-3
149515,BR-10.17M260917PA47,-15
149515,BR-10.17M260917PA48,13
149515,BR-10.17M260917PA53,-14
149515,BR-10.17M260917CA54,-1
149515,BR-10.17M260917PA54,10
149515,Si60000BJ7,20
149515,Si60500BJ7,-20
149515,Si60500BV7,1
149515,RTS-12.17M280917PA107500,-11
149515,RTS-12.17M280917PA110000,9
149517,SiZ7,-368
149522,EDZ7,-10
149523,SiZ7,7
149524,ROSN,760
149526,SBER,1000
149528,BRV7,-14
149528,EDZ7,-3
149530,RIZ7,-3
149531,RIZ7,-3
149531,SiZ7,-8
149531,SiH8,-3
149531,BRV7,-2
149531,SRZ7,2
149531,GDZ7,3
149531,EDZ7,1
149537,BRV7,10
149537,MXZ7,-1
149537,RNZ7,2
149537,GDZ7,-4
149537,VBZ7,-4
149543,LKOH,500
149543,VTBR,26380000
149543,MXZ7,-9
149545,AVAZ,20
149545,GAZP,3480
149545,HYDR,44000
149545,LKOH,14
149545,SU24018RMFS2,38
149545,VTBR,20000
149546,SiZ7,1
149548,APTK,272
149548,SiZ7,60
149549,BRV7,-166
149552,RIZ7,-1
149555,RI90000BX7,-15
149555,RI125000BL7,-10
149558,MGNT,20
149558,NLMK,1190
149558,SBER,570
149558,SiZ7,-2
149558,SRZ7,4
149561,SiZ7,-40
149562,MXZ7,1
149563,RIZ7,-100
149586,RIZ7,25
149586,Si70000BL7,-156
149586,Si78000BL7,-105
149586,Si80000BL7,-104
149586,RI80000BX7,-200
149586,RI82500BX7,-31
149586,RI85000BX7,-45
149586,RI87500BX7,-100
149586,RI90000BX7,-200
149586,RI92500BX7,-200
149586,RI95000BX7,-109
149586,RI97500BX7,100
149586,RI115000BL7,5
149586,RI117500BL7,-25
149586,RI120000BL7,-100
149586,RI122500BL7,-120
149586,RI125000BL7,-140
149586,RI127500BL7,-180
149586,Si70000BK7,-41
149587,SRZ7,20
149596,GAZP,3000
149596,LKOH,58
149596,RASP,4000
149597,GAZP,4000
149597,HYDR,2e+05
149597,RASP,5000
149597,SU26221RMFS0,180
149598,CHMF,10
149598,GMKN,2
149598,MAGN,300
149598,ROSN,40
149600,DASB,870000
149600,GAZP,364
149600,GMKN,20
149600,HYDR,17000
149600,IRAO,20000
149600,LKOH,7
149600,RASP,160
149601,GAZP,5250
149601,SBERP,6900
149604,ALRS,2800
149604,MGNT,-36
149605,SiZ7,-7
149606,BANE,10
149606,GAZP,400
149606,MOEX,610
149606,SBER,1670
149607,ALRS,400
149607,FEES,70000
149607,FXGD,25
149607,GAZP,210
149607,HYDR,21000
149607,LKOH,9
149607,MOEX,30
149607,MTSS,140
149607,NLMK,330
149607,RSTI,33000
149607,RTKM,100
149607,SBER,150
149607,VTBR,380000
149608,IRAO,-11000
149609,ALRS,300
149609,BSPB,200
149609,GAZP,380
149609,GMKN,1
149609,MAGN,600
149609,MOEX,200
149609,MTSS,50
149609,RASP,350
149609,UPRO,12000
149610,AFKS,9600
149610,ENRU,647000
149610,PHOR,3
149610,SELG,4300
149610,TRMK,2330
149610,YNDX,15
149614,BRV7,-220
149615,TGKA,1.95e+08
149616,RIZ7,-10
149616,BRV7,-250
149616,SRZ7,-100
149617,SRZ7,-30
149619,AFKS,7300
149619,ALRS,900
149619,GAZP,600
149619,MAGN,2500
149619,MOEX,500
149619,PHOR,25
149619,RSTI,1e+05
149619,RUAL,890
149620,SiZ7,20
149621,RIZ7,2
149621,SiZ7,4
149621,BRV7,-40
149621,GZZ7,-45
149621,LKZ7,-8
149621,SRZ7,-20
149621,SVZ7,50
149621,EDZ7,44
149621,VBZ7,80
149622,USD000000TOD,35000
149625,RIZ7,-1
149625,RTS-12.17M280917PA110000,26
149627,AFKS,10000
149627,DASB,5690000
149627,ROLO,1043000
149627,SELGP,71600
149628,LSNGP,2000
149628,MAGN,6000
149628,MSNG,60000
149628,RASP,2000
149628,SBERP,1000
149629,AFKS,2500
149629,ENRU,40000
149629,GMKN,6
149629,KRKNP,6
149629,LSNGP,300
149629,MAGN,1900
149629,MGNT,-15
149629,MSNG,30000
149629,MSTT,300
149629,MTLRP,930
149629,OGKB,121000
149629,PHOR,55
149629,PLZL,21
149629,RASP,640
149629,RUAL,3000
149629,SNGS,3000
149629,TRCN,10
149629,UPRO,11000
149629,URKA,90
149631,RTKM,60000
149631,RTKMP,46400
149632,BRV7,-170
149632,GDZ7,80
149633,MAGN,3000
149633,NMTP,16000
149633,OGKB,239000
149633,RASP,970
149633,RUAL,2800
149634,BRV7,-4600
149635,ALRS,4000
149635,PLZL,43
149637,SiZ7,75
149637,EuZ7,-26
149637,BRV7,15
149637,SRZ7,75
149638,ENRU,165000
149638,KRKNP,3
149638,MRKP,4330000
149638,MRKV,-1730000
149640,BRV7,-20
149641,Si58000BJ7,545
149641,Si58500BJ7,2000
149643,GMKN,3
149643,MAGN,100
149643,MSNG,28000
149643,MTLRP,160
149643,RASP,620
149643,RUAL,1000
149644,ALRS,600
149644,BANEP,20
149644,HYDR,40000
149644,MTSS,300
149644,NLMK,450
149644,SBER,200
149644,VTBR,1e+05
149645,SiZ7,2
149645,BRV7,-1
149649,BANEP,53
149649,GAZP,70
149649,SU24018RMFS2,220
149649,SU24019RMFS0,50
149649,SU29010RMFS4,910
149651,RIZ7,2
149651,SiZ7,-1
149651,LKZ7,2
149651,SRZ7,5
149651,GDZ7,-1
149652,DASB,30
149653,RI95000BV7,196
149653,RI100000BV7,-233
149653,RI105000BV7,51
149653,RI115000BJ7,51
149653,RI120000BJ7,-227
149653,RI125000BJ7,98
149658,ALRS,1000
149658,MOEX,500
149658,POLY,60
149658,SNGS,2000
149658,USD000000TOD,1050
149660,RIZ7,2
149660,SiZ7,-7
149660,EuZ7,-6
149660,SRZ7,7
149660,Si59000BL7,40
149662,APTK,200
149662,BANE,12
149662,BANEP,20
149662,FXRU,6
149662,HYDR,10000
149662,LKOH,3
149662,MTLRP,10
149662,POLY,1
149662,ROSN,10
149662,SU24018RMFS2,633
149662,TAER,300
149662,TGKA,4e+05
149662,TGKO,340
149662,URKA,40
149662,SiZ7,3
149663,RI120000BL7,-15
149664,LSNGP,12
149667,GAZP,45000
149668,RIZ7,-25
149669,ALRS,1000
149669,GAZP,830
149669,RUAL,580
149669,SU29011RMFS2,87
149669,SU29012RMFS0,295
149670,SU24019RMFS0,144
149670,SU25081RMFS9,50
149672,FEES,1370000
149673,VTBR,140000
149674,BANEP,40
149674,LKOH,16
149674,SNGS,3000
149674,SNGSP,3000
149674,SU29011RMFS2,1634
149674,TRNFP,1
149675,ALRS,6300
149675,FEES,2900000
149675,GAZP,4200
149675,GMKN,97
149675,GRNT,120000
149675,LKOH,155
149675,MOEX,2360
149675,NLMK,2500
149675,NVTK,630
149675,ROLO,64000
149675,ROSN,280
149675,UPRO,85000
149676,GAZP,1740
149677,FXGD,650
149677,FXRU,35
149677,RIZ7,-205
149677,SiZ7,780
149677,SRZ7,-550
149677,GMZ7,-113
149678,GAZP,4050
149679,ALRS,12000
149679,GAZP,37000
149679,GZZ7,6
149680,APTK,90580
149680,GTLC,8e+05
149681,SRZ7,-85
149682,AGRO,6
149682,GAZP,700
149682,MGNT,1
149682,MSTT,100
149682,MTLRP,50
149682,MTSS,100
149682,SU24018RMFS2,100
149683,SU26216RMFS0,25
149684,BR-10.17M260917PA55,10
149684,BR-10.17M260917PA56,-3
149684,Si59000BJ7,4
149684,GZ12500BJ7,3
149684,SR19000BV7,2
149684,SR19500BJ7,-10
149684,SR20500BJ7,30
149684,RI117500BJ7,-1
149685,RTKM,3300
149687,MXZ7,50
149689,RASP,3000
149690,GAZP,850
149690,HYDR,80000
149691,BANEP,147
149691,GAZP,1300
149691,LKOH,25
149691,MFON,80
149691,QIWI,16
149691,SVAV,340
149692,AGRO,50
149692,ALRS,200
149692,FEES,350000
149692,GAZP,500
149692,RSTI,8000
149692,RTKM,400
149692,VTBR,4e+05
149693,AKRN,60
149693,BANEP,360
149693,MFON,327
149694,AFLT,1700
149694,GAZP,500
149694,ROSN,200
149694,VTBR,3e+05
149695,AVAZP,156800
149695,HYDR,220000
149695,MRKC,1007000
149695,RSTI,428000
149696,AKRN,44
149696,DIXY,650
149696,MFON,500
149696,MOEX,2630
149696,MTSS,1020
149696,NMTP,19000
149696,NVTK,470
149696,RTKM,4330
149696,RUAL,3320
149696,SIBN,680
149696,SNGS,11000
149696,TATN,1250
149696,TATNP,540
149700,GAZP,960
149700,ROLO,16000
149700,SELGP,11500
149700,SNGSP,2500
149702,AFKS,800
149702,ALRS,200
149702,FEES,220000
149702,GAZP,120
149702,LKOH,10
149702,MOEX,280
149702,SBER,200
149702,YNDX,24
149703,ALRS,100
149703,FEES,130000
149703,GAZP,250
149703,LKOH,12
149703,LSNGP,500
149703,MOEX,410
149703,MRKV,250000
149703,MSNG,22000
149703,MSTT,300
149703,MTLRP,290
149703,OGKB,61000
149703,PHOR,26
149703,PLZL,7
149703,PRTK,200
149703,RASP,150
149703,SBERP,300
149703,SIBN,190
149703,TGKA,1700000
149703,TRCN,5
149703,URKA,160
149704,RI97500BX7,-10
149704,RI120000BL7,-25
149704,RI125000BL7,-10
149704,RI127500BL7,-10
149704,RI107500BU9,-1
149704,RI97500BV7,-10
149704,RI100000BV7,-10
149709,SiZ7,-200
149710,BRZ7,-3
149712,FEES,150000
149712,GAZP,160
149712,GMKN,3
149712,LSNGP,400
149712,MOEX,260
149712,MRKV,220000
149712,MSNG,8000
149712,RSTI,17000
149712,RSTIP,12000
149712,RTKMP,500
149712,SBER,140
149712,SNGSP,900
149712,TRMK,360
149712,UPRO,11000
149712,VTBR,2e+05
149713,AFKS,3000
149713,AFLT,100
149713,AGRO,6
149713,AKRN,3
149713,ALRS,200
149713,AVAZ,100
149713,BANEP,3
149713,CHMF,150
149713,DIXY,10
149713,GAZP,50
149713,GMKN,2
149713,GTLC,43000
149713,HYDR,3000
149713,LKOH,2
149713,LNTA,10
149713,LSRG,11
149713,MAGN,200
149713,MGNT,2
149713,MOEX,70
149713,MSNG,2000
149713,MSRS,11000
149713,MSTT,100
149713,MTLR,13
149713,MTSS,20
149713,MVID,130
149713,NKNCP,4000
149713,NLMK,50
149713,NMTP,58
149713,NVTK,20
149713,ODVA,35000
149713,OGKB,5000
149713,PHOR,13
149713,POLY,155
149713,PRTK,300
149713,RBCM,1000
149713,ROSN,20
149713,RTKM,80
149713,RUAL,100
149713,SNGSP,1800
149713,SU24018RMFS2,1
149713,SU29011RMFS2,6
149713,SVAV,20
149713,TATNP,40
149713,TRMK,100
149713,UPRO,4000
149713,VSMO,1
149713,VTBR,230000
149713,YNDX,2
149715,AFKS,15300
149715,RTKMP,1000
149716,GAZP,60
149716,MGNT,-15
149716,NVTK,10
149716,TGKA,6e+06
149717,GZZ7,50
149717,LKZ7,30
149717,RNZ7,45
149717,GDZ7,-10
149719,USD000000TOD,5000
149720,BRV7,-247
149722,BRV7,127
149723,BANEP,86
149723,GAZP,23080
149723,RTKM,1160
149723,GZZ7,60
149723,PTZ7,-2
149724,SiZ7,60
149724,USD000000TOD,1
149728,AGRO,20
149728,ALRS,3
149728,BANEP,10
149728,GAZP,150
149728,GMKN,4
149728,MOEX,110
149728,POLY,10
149728,ROSN,50
149728,SU24018RMFS2,40
149728,SU26218RMFS6,20
149728,SU26221RMFS0,15
149728,SU29006RMFS2,25
149728,SU29010RMFS4,15
149728,TRMK,80
149731,SiZ7,-43
149735,FXRB,201
149735,FXRU,1
149735,SVAV,150
149781,ALRS,2400
149781,GAZP,1420
149781,LKOH,221
149781,ROSN,1110
149781,VTBR,6970000
149784,BANEP,51
149784,GMKN,6
149784,LKOH,37
149784,LNTA,182
149784,MFON,110
149784,NKNCP,9400
149784,UPRO,25000
149895,RIZ7,-10
149895,BRV7,-30
149900,USD000000TOD,3e+06
149902,SiZ7,70
149902,BRV7,-5
149902,SRZ7,-40
149902,EDZ7,-25
149902,AUZ7,-5
149902,JPZ7,20
149902,CAZ7,20
149902,MEZ7,-30
149902,AFZ7,-5
149906,SRZ7,36
149907,RI95000BX7,-27
149907,RI100000BX7,-16
149907,RI105000BL7,3
149907,RI105000BX7,-10
149907,RI110000BX7,4
149907,RI117500BL7,1
149907,RI120000BL7,-20
149907,RI122500BL7,-27
149907,RI125000BL7,7
149908,RIZ7,-5
149908,SiZ7,-5
149908,SRZ7,15
149908,SPZ7,16
149910,SR19500BV7,1
149910,RTS-12.17M280917PA112500,3
149911,RIZ7,20
149914,BSPB,1000
149914,FEES,1e+06
149914,HYDR,5e+05
149914,POLY,200
149914,RTKM,1000
149914,SNGSP,10000
149914,TRMK,3000
149915,LSNGP,100
149915,RASP,100
149916,FEES,13800
149916,LKOH,2112
149916,LNTA,2700
149917,SRZ7,-1
149919,GMKN,13
149919,MSNG,33000
149919,NLMK,260
149919,RASP,1500
149920,AFKS,9000
149920,GAZP,1070
149921,SiZ7,-6
149922,SU24019RMFS0,250
149922,SU26219RMFS4,377
149922,RIZ7,-60
149922,SiZ7,652
149922,BRX7,8
149922,GZZ7,12
149922,LKZ7,14
149922,RNZ7,9
149922,SRZ7,-30
149922,GMZ7,1
149922,RI95000BB8,-3
149922,Si65500BI8,-1
149922,Si75000BI8,1
149922,Si83000BI8,-1
149922,Si90000BI8,-3
149922,Si57000BX7,-1
149922,Si59000BX7,-2
149922,Si75000BL7,-42
149922,Si78000BL7,-11
149922,Si90000BL7,52
149922,RI75000BX7,-2
149922,RI80000BX7,-47
149922,RI85000BX7,-1
149922,RI90000BX7,-50
149922,RI95000BX7,-3
149922,RI97500BX7,-26
149922,RI100000BL7,-1
149922,RI100000BX7,-62
149922,RI102500BX7,-20
149922,RI105000BL7,-1
149922,RI120000BL7,-25
149922,RI140000BL7,-12
149922,RI80000BO8,-30
149922,RI100000BO8,-2
149922,RI120000BC8,-3
149922,RI67500BU9,-50
149922,RI90000BU9,-2
149922,RI150000BI9,8
149922,SR18500BL7,-5
149922,SR20000BL7,-1
149922,Si58500BJ7,-20
149922,Si58500BV7,-20
149922,Si59500BV7,-5
149922,Si67750BJ7,-1
149922,BR39BJ7,-8
149922,SR16000BV7,-15
149922,SR18000BV7,-50
149922,SR20000BJ7,-1
149922,SR20750BJ7,-4
149922,RI90000BV7,-35
149922,SR17500BW7,-1
149922,USD000000TOD,57000
149953,BRV7,10
149953,LKZ7,12
149953,SRZ7,10
149953,EDZ7,40
149953,GMZ7,3
149953,NKZ7,1
149953,AFZ7,5
149957,EDZ7,500
149976,EDZ7,-425
149984,EDZ7,-100
149986,EDZ7,-250
150001,FEES,3e+05
150001,FXRB,100
150281,MOEX,10
150281,RSTIP,2000
150281,SU24018RMFS2,400
150282,RIZ7,-1
150284,SiZ7,-30
150284,BRX7,20
150284,SVZ7,200
150284,JPZ7,-60
150285,GAZP,400
150285,SU24018RMFS2,5
150285,SU26204RMFS6,4
150285,SU29011RMFS2,5
150289,DIXY,10
150289,BRV7,-4
150289,RNZ7,-1
150289,SVZ7,-2
150290,FEES,1940000
150290,MOEX,2650
150290,SNGSP,11700
150291,SRZ7,-25
150293,GAZP,1000
150293,SRZ7,-2
150295,SNGSP,25800
150296,AFLT,200
150296,GAZP,110
150296,MTLR,181
150296,RSTI,59000
150296,SBER,150
150296,SBERP,100
150298,AFLT,800
150298,CHMF,30
150300,ALRS,1000
150300,CHMF,300
150300,FEES,690000
150300,GMKN,80
150300,GTLC,114000
150300,MOEX,3000
150300,NMTP,23000
150300,ROSN,500
150300,RSTI,133000
150300,SBER,1000
150300,SIBN,1370
150303,SiZ7,14
150306,BRV7,100
150306,GDZ7,-20
150307,KRKNP,1
150307,MSTT,160
150307,RASP,100
150307,RSTIP,8000
150307,RTKMP,200
150307,TATNP,40
150308,ALRS,4000
150309,ALRS,103000
150310,BRV7,-2
150310,BR52BV7,100
150311,RASP,3480
150312,BSPB,900
150312,GAZP,1720
150313,AFKS,4000
150313,ALRS,1800
150313,BANEP,76
150313,FEES,3e+05
150313,GAZP,470
150313,NVTK,80
150314,SiZ7,-6
150315,GAZP,2000
150315,VTBR,1e+07
150315,BR54BV7,200
150316,MFON,460
150317,Si50000BX7,180
150317,Si55000BX7,20
150318,CHMF,560
150318,FXMM,126
150318,GAZP,3800
150318,MAGN,12700
150318,MOEX,3730
150318,NVTK,660
150318,SBER,2900
150318,SNGSP,14300
150319,SiZ7,-24
150321,FEES,530000
150322,GAZP,7800
150323,AFKS,1000
150323,ALRS,300
150323,BSPB,350
150323,FEES,50000
150323,FESH,20
150323,GAZP,130
150323,IRAO,5000
150323,LKOH,20
150323,LSNGP,500
150323,MAGN,700
150323,MSNG,10000
150323,MTLRP,550
150323,MVID,100
150323,OGKB,10000
150323,PHOR,22
150323,SU26210RMFS3,70
150323,SU26221RMFS0,40
150323,SU29011RMFS2,60
150323,VTBR,2e+05
150324,SiZ7,-150
150324,BRV7,30
150324,MMZ7,1
150327,PRFN,275000
150328,ALRS,1200
150328,GAZP,1680
150330,SiZ7,7
150331,AFKS,7300
150331,ALRS,1700
150331,MOEX,50
150331,POLY,10
150333,GMKN,26
150334,AFLT,9000
150334,GAZP,15000
150334,SiZ7,12
150335,AFLT,38000
150335,GAZP,25000
150335,SNGS,60000
150335,SNGSP,15000
150336,FXMM,65
150336,SU24018RMFS2,98
150336,VTBR,10000
150337,FEES,18550000
150337,MRKC,2e+06
150337,RSTI,1546000
150338,AFKS,1700
150338,AFLT,100
150338,GAZP,40
150338,GCHE,3
150338,GMKN,2
150338,KRKNP,1
150338,LKOH,1
150338,LSNGP,200
150338,LSRG,11
150338,MFON,60
150338,MGNT,1
150338,MOEX,330
150338,MTLRP,30
150338,MTSS,40
150338,NKNCP,200
150338,NLMK,70
150338,NMTP,2000
150338,PHOR,10
150338,RASP,410
150338,RTKMP,100
150338,SBER,40
150338,SBERP,100
150338,SNGSP,400
150338,SU29006RMFS2,2
150338,TRCN,1
150338,TRMK,110
150340,SNGS,19000
150341,FESH,19400
150341,GCHE,19
150341,KMAZ,300
150341,NVTK,180
150341,TATNP,70
150341,YNDX,60
150342,DASB,110000
150342,GRNT,250000
150342,MOEX,3000
150342,PRFN,15000
150342,SBER,-360
150343,GAZP,2200
150343,LKOH,84
150343,SU25081RMFS9,325
150343,SVAV,480
150344,GAZP,4420
150345,SiZ7,9
150345,Si57500BV7,-5
150345,Si58000BV7,24
150345,Si58500BJ7,-12
150345,BR55BV7,-6
150345,BR60BJ7,1
150345,BR61BJ7,-4
150345,Si-12.17M280917PA58500,-1
150345,Si-12.17M280917CA59500,3
150348,GMKN,40
150348,MAGN,3000
150350,RI105000BX7,1
150351,BRV7,1
150352,SRZ7,-3
150353,BRV7,-120
150357,ALRS,2700
150357,GAZP,10000
150357,HYDR,3e+05
150357,MAGN,5000
150357,MTLR,1000
150357,PRTK,700
150357,RSTI,1e+05
150357,TRNFP,1
150358,AFZ7,-17
150360,SiZ7,11
150360,Si59000BX7,20
150363,AFKS,4100
150363,AGRO,44
150363,AKRN,21
150363,APTK,370
150363,BANE,17
150363,BANEP,23
150363,DIXY,230
150363,GAZP,1230
150363,MFON,160
150363,MGNT,9
150363,PHOR,2
150363,PLZL,11
150363,RNFT,49
150363,RTKM,480
150363,SNGS,3200
150363,SNGSP,3700
150363,UPRO,24000
150363,URKA,180
150366,SNGSP,142
150368,SiZ7,-5
150370,MAGN,80
150370,MTLRP,50
150371,RIZ7,-5
150371,SiZ7,5
150371,SRZ7,5
150371,RTS-12.17M280917PA112500,28
150373,RIZ7,1
150373,SiZ7,9
150373,BRX7,-1
150373,MMZ7,10
150373,GZZ7,45
150373,LKZ7,9
150373,RNZ7,3
150373,GMZ7,1
150374,AFLT,15000
150374,FEES,8500000
150374,RASP,8000
150374,USD000000TOD,2837
150375,RIZ7,-35
150375,SiZ7,284
150375,GZZ7,1286
150375,Si56000BX7,2
150375,Si57500BX7,33
150375,Si61000BL7,-20
150375,Si61500BL7,-20
150375,Si62000BL7,-534
150375,Si63000BL7,-409
150375,Si64000BL7,-20
150375,GZ12250BL7,-229
150375,GZ12500BL7,-917
150375,GZ13000BL7,-370
150375,GZ13500BL7,-242
150375,GZ14000BL7,-129
150375,GZ14250BL7,-1
150375,Si56500BV7,6
150375,Si58500BV7,76
150375,Si60500BJ7,-60
150375,Si61000BJ7,-90
150375,Si61500BJ7,-50
150375,GZ12500BJ7,-208
150375,GZ12750BJ7,-595
150375,GZ13000BJ7,-762
150375,GZ13250BJ7,-277
150375,GZ13750BJ7,-1
150375,RI115000BJ7,117
150375,Si-12.17M280917CA58000,2
150375,Si-12.17M280917PA58000,41
150375,Si-12.17M280917CA58750,3
150376,GAZP,322
150376,SNGSP,361
150376,URKA,279
150376,VTBR,624
150377,SiZ7,10
150378,BRX7,-178
150379,GDZ7,-7
150379,PTZ7,2
150380,GAZP,1000
150380,GMKN,20
150380,LKOH,100
150380,ROSN,100
150380,SNGSP,10000
150381,SiZ7,15
150382,RTS-12.17M280917CA115000,1450
150382,Si-12.17M280917PA58000,750
150384,EDZ7,15
150385,GAZP,20000
150385,RIZ7,-40
150385,SiZ7,20
150385,BRV7,-20
150385,BRX7,-45
150385,RI110000BV7,10
150385,RI115000BJ7,10
150387,SBER,8170
150388,BRV7,-35
150389,EuZ7,141
150389,EDZ7,-1
150390,GAZP,1800
150390,MAGN,-10000
150392,ALRS,82
150392,IRAO,30
150392,LKOH,-75
150393,MMZ7,1
150503,RIZ7,1
150505,AGRO,40
150505,ALRS,1000
150505,FESH,100
150505,GAZP,840
150505,MAGN,1000
150505,MFON,10
150505,MOEX,1000
150505,MRKV,2e+05
150505,NKNCP,2000
150505,PHOR,21
150505,PLZL,6
150505,POLY,83
150505,PRTK,100
150505,SBER,40
150505,VTBR,1450000
150506,ALRS,1300
150506,GAZP,4100
150506,RASP,1500
150506,BRV7,-3
150507,FEES,5e+06
150507,GAZP,5700
150507,GMKN,50
150507,MRKP,2820000
150507,MSTT,2860
150507,MTLRP,1000
150507,ROSN,3775
150507,RTKM,11150
150507,VTBR,3.6e+07
150511,MTLR,4
150511,PRFN,44000
150513,SiZ7,240
150514,AFKS,10000
150514,DASB,250000
150514,RSTI,1e+05
150514,RTKM,1150
150514,SNGS,3000
150514,TAER,10000
150515,TGKO,2105000
150516,CHMF,20
150516,SNGSP,1000
150516,VTBR,2e+05
150517,ALRS,1600
150517,DASB,150000
150517,GTLC,640000
150517,MTLRP,1900
150517,NMTP,50000
150518,AFKS,2000
150518,AGRO,21
150518,ALRS,100
150518,CHMF,50
150518,DSKY,110
150518,FEES,70000
150518,FXMM,142
150518,GMKN,4
150518,HYDR,13000
150518,LSRG,20
150518,MOEX,190
150518,NKNCP,1300
150518,NVTK,80
150518,PHOR,10
150518,POLY,17
150518,RNFT,7
150518,RTKM,290
150518,SNGSP,900
150518,SU24018RMFS2,70
150518,SU25081RMFS9,80
150518,SU26204RMFS6,70
150518,SU26207RMFS9,8
150518,SU26210RMFS3,35
150518,SU26216RMFS0,35
150518,SU29006RMFS2,10
150518,VSMO,1
150519,SU24019RMFS0,4
150519,SU29006RMFS2,2740
150519,SU29009RMFS6,108
150519,SU29011RMFS2,272
150521,CHMF,110
150522,ALRS,4200
150522,CHMF,130
150522,FEES,2110000
150522,FXGD,175
150522,GAZP,3040
150522,GMKN,36
150522,HYDR,240000
150522,LKOH,86
150522,LSNGP,2800
150522,MOEX,2480
150522,MTSS,420
150522,NLMK,370
150522,RSTIP,60000
150522,RTKMP,4900
150522,SBERP,800
150522,SNGSP,3200
150522,SU26204RMFS6,160
150522,VSMO,12
150524,SBER,-250
150524,SiZ7,20
150524,SRZ7,-80
150526,BRX7,-2
150527,EUR_RUB__TOD,4996
150527,USD000000TOD,4000
150529,AFKS,12000
150529,ALRS,3000
150529,GAZP,6000
150529,LSNGP,2200
150529,MAGN,9000
150529,MRKV,1100000
150529,MSNG,60000
150529,MTLR,1000
150529,MTLRP,2000
150529,OGKB,210000
150529,PHOR,60
150529,RASP,2000
150529,RUAL,50
150529,SBER,800
150532,RIZ7,31
150532,RI92500BX7,-300
150532,RI95000BX7,-670
150532,RI97500BX7,-90
150532,RI100000BX7,-100
150532,RI110000BL7,-187
150532,RI110000BX7,-64
150532,RI112500BX7,-28
150532,RI112500BJ7,84
150532,RI112500BV7,276
150532,RI115000BJ7,319
150532,RI120000BJ7,-382
150532,RI122500BJ7,-200
150532,RTS-12.17M280917PA107500,100
150533,AFKS,5400
150533,FEES,580000
150533,GAZP,1320
150533,IRAO,18000
150533,NVTK,330
150533,ROSN,410
150534,ALRS,1100
150534,GAZP,1570
150534,HYDR,70000
150534,MAGN,900
150534,RTKMP,1400
150534,RUAL,3000
150534,UPRO,26000
150534,VTBR,8e+05
150534,USD000000TOD,126
150535,GAZP,50
150535,PIKK,810
150535,SBER,170
150535,YNDX,30
150537,LKOH,200
150537,MRKC,1250000
150538,BRX7,-1
150538,BR45BV7,5
150538,BR49BV7,1
150538,BR50BV7,2
150538,BR51BV7,1
150540,IRAO,121000
150543,SiZ7,-6
150543,BRZ7,2
150543,RI115000BL7,1
150543,RI120000BL7,2
150543,RI122500BL7,5
150543,Si54000BV7,100
150543,Si55000BV7,40
150543,Si56000BV7,48
150543,Si57000BV7,27
150543,Si58000BV7,30
150543,Si59000BV7,5
150543,RI110000BJ7,2
150543,RI112500BJ7,4
150543,RI115000BJ7,7
150543,RI117500BJ7,20
150543,RI120000BJ7,42
150543,RI122500BJ7,10
150543,RI125000BJ7,50
150543,Si58000BW7,2
150546,SiZ7,7
150547,SiZ7,84
150547,SiH8,-4
150547,BRV7,-20
150547,BRX7,5
150547,SRH8,-15
150548,FXGD,10
150548,FXMM,40
150548,MOEX,3500
150548,SNGSP,4500
150549,SNGSP,21200
150550,RIZ7,-165
150550,BRV7,-5
150550,BRX7,-45
150554,AFKS,300
150554,GAZP,50
150555,ROSN,140
150556,GAZP,390
150556,RSTI,54000
150556,SBER,250
150558,LKOH,129
150558,MTSS,40
150559,ALRS,5700
150559,GAZP,7260
150559,PHOR,202
150559,POLY,785
150559,ROSN,1450
150559,RTKM,6750
150559,SU24018RMFS2,569
150559,VTBR,15160000
150560,GAZP,9e+05
150562,KRKNP,114
150562,LSNGP,700
150562,BRV7,1
150563,OGKB,1454000
150563,Si50000BX7,27
